developers,iso2_code,year,quarter
9763122,US,2020,1
6983489,EU,2020,1
5885036,CN,2020,1
4194257,IN,2020,1
1635516,GB,2020,1
1400662,BR,2020,1
1319588,DE,2020,1
1283298,RU,2020,1
1134715,CA,2020,1
1128302,JP,2020,1
1067323,FR,2020,1
880038,ID,2020,1
761690,KR,2020,1
678548,AU,2020,1
650592,ES,2020,1
568562,UA,2020,1
565841,NL,2020,1
537945,MX,2020,1
531465,PL,2020,1
505532,VN,2020,1
480618,TR,2020,1
468484,IT,2020,1
414767,TW,2020,1
413692,PH,2020,1
401680,HK,2020,1
321505,SE,2020,1
317224,PK,2020,1
304181,TH,2020,1
302591,SG,2020,1
281269,CO,2020,1
280922,AR,2020,1
252164,IL,2020,1
236751,EG,2020,1
230371,MY,2020,1
218096,CH,2020,1
216516,RO,2020,1
215927,BE,2020,1
215789,BD,2020,1
210145,IR,2020,1
202767,ZA,2020,1
177756,DK,2020,1
173641,NG,2020,1
170627,PT,2020,1
166866,SA,2020,1
161209,CL,2020,1
158784,NO,2020,1
155721,CZ,2020,1
150672,PE,2020,1
148529,BY,2020,1
148081,AT,2020,1
145859,IE,2020,1
145464,FI,2020,1
142405,MA,2020,1
139125,NZ,2020,1
134568,HU,2020,1
114553,GR,2020,1
105264,BG,2020,1
96769,RS,2020,1
95190,AE,2020,1
91819,DZ,2020,1
90770,KE,2020,1
88631,TN,2020,1
84292,LK,2020,1
83817,VE,2020,1
70527,EC,2020,1
69649,KZ,2020,1
69284,NP,2020,1
58042,HR,2020,1
56617,LT,2020,1
55554,SK,2020,1
52221,CR,2020,1
51669,IQ,2020,1
46306,MM,2020,1
42569,GH,2020,1
40432,EE,2020,1
38214,SI,2020,1
38046,DO,2020,1
37209,JO,2020,1
37160,BO,2020,1
36586,LV,2020,1
35715,UY,2020,1
34807,GT,2020,1
31298,AM,2020,1
31034,KH,2020,1
30963,LB,2020,1
29777,GE,2020,1
28833,AL,2020,1
28503,BA,2020,1
27810,MD,2020,1
26794,PS,2020,1
25900,SV,2020,1
25130,AZ,2020,1
24575,UZ,2020,1
23109,ET,2020,1
22923,MK,2020,1
21059,KW,2020,1
21053,UG,2020,1
18720,PR,2020,1
18205,QA,2020,1
17469,CM,2020,1
17267,TZ,2020,1
16613,PA,2020,1
16280,CI,2020,1
16225,HN,2020,1
15981,LU,2020,1
15189,IS,2020,1
14587,PY,2020,1
14515,SY,2020,1
14440,KG,2020,1
14138,CY,2020,1
14085,MN,2020,1
13736,SN,2020,1
13270,ZW,2020,1
13043,OM,2020,1
12998,CU,2020,1
12791,MT,2020,1
12584,YE,2020,1
11994,NI,2020,1
11149,JM,2020,1
11010,SD,2020,1
10812,MU,2020,1
10105,MG,2020,1
9848,RW,2020,1
9381,BH,2020,1
9125,LY,2020,1
8522,TT,2020,1
8400,MO,2020,1
7156,AO,2020,1
6964,ZM,2020,1
6481,AF,2020,1
6329,BJ,2020,1
5871,RE,2020,1
5787,LA,2020,1
5748,MZ,2020,1
5406,CD,2020,1
5156,SO,2020,1
5107,TG,2020,1
4978,ME,2020,1
4347,HT,2020,1
4327,BW,2020,1
3960,BN,2020,1
3770,MV,2020,1
3510,MW,2020,1
3049,BB,2020,1
2599,TJ,2020,1
2530,BF,2020,1
2431,BS,2020,1
2054,GP,2020,1
2024,ML,2020,1
1870,NA,2020,1
1813,FJ,2020,1
1800,SL,2020,1
1746,GY,2020,1
1730,BT,2020,1
1703,SR,2020,1
1702,IM,2020,1
1675,BZ,2020,1
1606,JE,2020,1
1576,PG,2020,1
1555,GU,2020,1
1546,MQ,2020,1
1519,MR,2020,1
1514,GA,2020,1
1511,CV,2020,1
1477,NC,2020,1
1440,GM,2020,1
1430,GN,2020,1
1407,PF,2020,1
1406,CW,2020,1
1328,LR,2020,1
1264,LS,2020,1
1116,NE,2020,1
1113,KY,2020,1
1061,BM,2020,1
1026,AD,2020,1
1009,BI,2020,1
1006,AW,2020,1
998,SZ,2020,1
983,CG,2020,1
920,LC,2020,1
865,TM,2020,1
831,SC,2020,1
813,GI,2020,1
813,GG,2020,1
796,FO,2020,1
767,MC,2020,1
753,DJ,2020,1
753,GF,2020,1
736,LI,2020,1
673,VI,2020,1
614,GD,2020,1
553,AG,2020,1
433,TL,2020,1
431,VC,2020,1
404,AX,2020,1
349,SM,2020,1
347,YT,2020,1
346,GL,2020,1
296,DM,2020,1
293,KN,2020,1
280,MP,2020,1
268,SX,2020,1
263,TD,2020,1
247,VU,2020,1
235,SS,2020,1
231,GQ,2020,1
202,SB,2020,1
194,TC,2020,1
189,VG,2020,1
180,BQ,2020,1
138,WS,2020,1
133,AS,2020,1
132,ST,2020,1
129,ER,2020,1
127,TO,2020,1
121,FM,2020,1
116,KM,2020,1
102,AI,2020,1
10434232,US,2020,2
7553818,EU,2020,2
6281702,CN,2020,2
4684375,IN,2020,2
1749625,GB,2020,2
1544319,BR,2020,2
1432550,DE,2020,2
1402697,RU,2020,2
1241923,JP,2020,2
1228068,CA,2020,2
1154301,FR,2020,2
978184,ID,2020,2
833824,KR,2020,2
734852,AU,2020,2
711308,ES,2020,2
611294,UA,2020,2
601586,NL,2020,2
595987,MX,2020,2
571515,PL,2020,2
559974,VN,2020,2
542562,TR,2020,2
521524,IT,2020,2
463352,HK,2020,2
454544,PH,2020,2
446342,TW,2020,2
354073,PK,2020,2
339616,SE,2020,2
331449,TH,2020,2
330375,SG,2020,2
318451,AR,2020,2
318051,CO,2020,2
272006,IL,2020,2
269768,EG,2020,2
257191,MY,2020,2
246934,BD,2020,2
235652,RO,2020,2
232366,BE,2020,2
232183,CH,2020,2
230216,IR,2020,2
225046,ZA,2020,2
203064,NG,2020,2
191828,SA,2020,2
187717,DK,2020,2
186497,PT,2020,2
180792,CL,2020,2
171657,PE,2020,2
167930,NO,2020,2
166849,CZ,2020,2
161134,MA,2020,2
158917,AT,2020,2
158595,BY,2020,2
156763,IE,2020,2
154161,FI,2020,2
151979,HU,2020,2
150778,NZ,2020,2
124884,GR,2020,2
112717,BG,2020,2
110078,AE,2020,2
103646,RS,2020,2
103633,DZ,2020,2
100837,KE,2020,2
96518,TN,2020,2
95516,LK,2020,2
89282,VE,2020,2
80365,EC,2020,2
78400,NP,2020,2
77896,KZ,2020,2
62191,HR,2020,2
60955,LT,2020,2
60596,SK,2020,2
60447,IQ,2020,2
57535,CR,2020,2
53678,MM,2020,2
49033,GH,2020,2
43098,DO,2020,2
42924,EE,2020,2
41852,JO,2020,2
41552,BO,2020,2
40710,SI,2020,2
39704,LV,2020,2
39419,UY,2020,2
38947,GT,2020,2
35233,LB,2020,2
34296,AM,2020,2
33998,KH,2020,2
33381,GE,2020,2
31852,AL,2020,2
30889,BA,2020,2
30541,MD,2020,2
30536,AZ,2020,2
29267,UZ,2020,2
28952,PS,2020,2
28753,SV,2020,2
26677,ET,2020,2
25191,MK,2020,2
24819,KW,2020,2
23072,UG,2020,2
20945,QA,2020,2
20855,PR,2020,2
19394,CM,2020,2
19288,TZ,2020,2
19281,PA,2020,2
18125,HN,2020,2
17973,CI,2020,2
16530,LU,2020,2
16423,PY,2020,2
16352,KG,2020,2
16155,SY,2020,2
15950,IS,2020,2
15712,CY,2020,2
15661,MN,2020,2
15458,OM,2020,2
15320,SN,2020,2
14787,ZW,2020,2
14407,CU,2020,2
14080,YE,2020,2
13594,MT,2020,2
13027,NI,2020,2
12534,JM,2020,2
12353,SD,2020,2
11946,MU,2020,2
10980,MG,2020,2
10836,BH,2020,2
10680,RW,2020,2
10314,LY,2020,2
9753,TT,2020,2
8842,MO,2020,2
8310,AO,2020,2
8048,ZM,2020,2
7457,AF,2020,2
7239,BJ,2020,2
6616,MZ,2020,2
6499,RE,2020,2
6432,LA,2020,2
6208,CD,2020,2
5851,SO,2020,2
5768,ME,2020,2
5650,TG,2020,2
4942,BW,2020,2
4767,HT,2020,2
4387,BN,2020,2
4333,MV,2020,2
3902,MW,2020,2
3428,BB,2020,2
2926,BS,2020,2
2888,BF,2020,2
2811,TJ,2020,2
2549,NA,2020,2
2307,GP,2020,2
2296,ML,2020,2
2060,SL,2020,2
2020,GY,2020,2
2016,FJ,2020,2
2007,BT,2020,2
1923,IM,2020,2
1916,SR,2020,2
1891,BZ,2020,2
1809,PG,2020,2
1808,MR,2020,2
1794,JE,2020,2
1742,MQ,2020,2
1726,GU,2020,2
1670,CV,2020,2
1664,GA,2020,2
1609,GN,2020,2
1608,GM,2020,2
1602,NC,2020,2
1563,CW,2020,2
1529,PF,2020,2
1496,LR,2020,2
1406,LS,2020,2
1246,KY,2020,2
1217,NE,2020,2
1188,AD,2020,2
1163,BM,2020,2
1139,AW,2020,2
1137,SZ,2020,2
1136,BI,2020,2
1095,CG,2020,2
1068,LC,2020,2
1045,TM,2020,2
867,GF,2020,2
864,FO,2020,2
855,GI,2020,2
853,GG,2020,2
849,SC,2020,2
820,DJ,2020,2
812,VI,2020,2
771,LI,2020,2
757,MC,2020,2
702,GD,2020,2
628,AG,2020,2
518,VC,2020,2
463,TL,2020,2
394,AX,2020,2
393,SM,2020,2
386,GL,2020,2
382,YT,2020,2
345,KN,2020,2
345,DM,2020,2
325,TD,2020,2
311,MP,2020,2
307,SX,2020,2
294,SS,2020,2
276,VU,2020,2
270,VG,2020,2
257,GQ,2020,2
232,TC,2020,2
229,SB,2020,2
194,BQ,2020,2
161,AI,2020,2
160,AS,2020,2
158,WS,2020,2
150,TO,2020,2
145,ST,2020,2
132,ER,2020,2
129,FM,2020,2
126,KM,2020,2
111,MH,2020,2
106,GW,2020,2
106,PW,2020,2
11086139,US,2020,3
7994501,EU,2020,3
6565328,CN,2020,3
5206926,IN,2020,3
1843208,GB,2020,3
1693935,BR,2020,3
1519080,DE,2020,3
1518924,RU,2020,3
1338905,JP,2020,3
1305510,CA,2020,3
1217848,FR,2020,3
1091831,ID,2020,3
910910,KR,2020,3
787386,AU,2020,3
753123,ES,2020,3
666919,MX,2020,3
650147,UA,2020,3
635475,NL,2020,3
601156,VN,2020,3
600202,PL,2020,3
596755,TR,2020,3
553803,IT,2020,3
520962,HK,2020,3
510670,PH,2020,3
480230,TW,2020,3
388897,PK,2020,3
371132,SG,2020,3
358303,TH,2020,3
358195,SE,2020,3
356007,CO,2020,3
355388,AR,2020,3
297793,EG,2020,3
289058,IL,2020,3
280133,MY,2020,3
279159,BD,2020,3
249973,RO,2020,3
249142,IR,2020,3
246671,ZA,2020,3
246364,BE,2020,3
245643,CH,2020,3
232444,NG,2020,3
213878,SA,2020,3
201200,CL,2020,3
198968,DK,2020,3
196981,PT,2020,3
192328,PE,2020,3
177872,NO,2020,3
176051,CZ,2020,3
174167,MA,2020,3
170054,BY,2020,3
167753,AT,2020,3
165544,IE,2020,3
165000,HU,2020,3
162910,FI,2020,3
160545,NZ,2020,3
132636,GR,2020,3
122101,AE,2020,3
118753,BG,2020,3
112889,DZ,2020,3
110279,KE,2020,3
109737,RS,2020,3
104093,LK,2020,3
102800,TN,2020,3
95465,VE,2020,3
90657,EC,2020,3
88216,NP,2020,3
86405,KZ,2020,3
69901,IQ,2020,3
66018,HR,2020,3
65189,LT,2020,3
64339,SK,2020,3
63050,CR,2020,3
62501,MM,2020,3
55278,GH,2020,3
47859,DO,2020,3
45980,BO,2020,3
45968,JO,2020,3
45746,EE,2020,3
44331,GT,2020,3
43159,UY,2020,3
43039,LV,2020,3
42549,SI,2020,3
38797,LB,2020,3
36975,AM,2020,3
36858,KH,2020,3
36217,GE,2020,3
35233,AZ,2020,3
34889,UZ,2020,3
34198,AL,2020,3
33494,MD,2020,3
32844,BA,2020,3
31981,SV,2020,3
31018,PS,2020,3
29308,ET,2020,3
28134,KW,2020,3
27034,MK,2020,3
24971,UG,2020,3
23459,QA,2020,3
23145,PR,2020,3
21989,PA,2020,3
21662,CM,2020,3
21372,TZ,2020,3
20582,HN,2020,3
19588,CI,2020,3
18460,KG,2020,3
18266,PY,2020,3
17532,OM,2020,3
17500,LU,2020,3
17358,SY,2020,3
17220,CY,2020,3
17138,IS,2020,3
16783,MN,2020,3
16619,SN,2020,3
16351,ZW,2020,3
16049,CU,2020,3
15710,YE,2020,3
14242,MT,2020,3
14199,NI,2020,3
13920,JM,2020,3
13543,SD,2020,3
12663,MU,2020,3
12182,BH,2020,3
12067,MG,2020,3
11636,RW,2020,3
11219,LY,2020,3
10915,TT,2020,3
9730,MO,2020,3
9402,AO,2020,3
9033,ZM,2020,3
8303,BJ,2020,3
8214,AF,2020,3
7439,MZ,2020,3
7180,LA,2020,3
7139,RE,2020,3
7028,CD,2020,3
6727,SO,2020,3
6279,TG,2020,3
6277,ME,2020,3
5416,BW,2020,3
5160,HT,2020,3
4861,MV,2020,3
4740,BN,2020,3
4281,MW,2020,3
3686,BB,2020,3
3346,BF,2020,3
3276,BS,2020,3
3194,TJ,2020,3
3126,NA,2020,3
2630,ML,2020,3
2484,GP,2020,3
2427,SL,2020,3
2384,BT,2020,3
2269,GY,2020,3
2246,FJ,2020,3
2241,TM,2020,3
2170,BZ,2020,3
2095,PG,2020,3
2074,SR,2020,3
2055,IM,2020,3
2004,MR,2020,3
1922,GU,2020,3
1897,JE,2020,3
1884,MQ,2020,3
1821,CV,2020,3
1809,GA,2020,3
1799,GN,2020,3
1767,NC,2020,3
1740,GM,2020,3
1719,LR,2020,3
1652,CW,2020,3
1632,PF,2020,3
1573,LS,2020,3
1362,NE,2020,3
1324,BI,2020,3
1313,KY,2020,3
1281,AD,2020,3
1279,SZ,2020,3
1240,BM,2020,3
1230,AW,2020,3
1214,CG,2020,3
1180,LC,2020,3
942,FO,2020,3
932,GF,2020,3
919,VI,2020,3
889,DJ,2020,3
885,SC,2020,3
883,GG,2020,3
871,GI,2020,3
844,LI,2020,3
820,MC,2020,3
774,GD,2020,3
633,AG,2020,3
569,VC,2020,3
487,TL,2020,3
472,AX,2020,3
439,SM,2020,3
431,GL,2020,3
410,YT,2020,3
383,KN,2020,3
381,DM,2020,3
379,TD,2020,3
366,SS,2020,3
350,MP,2020,3
339,SX,2020,3
296,VU,2020,3
293,GQ,2020,3
273,VG,2020,3
271,TC,2020,3
248,SB,2020,3
206,BQ,2020,3
185,AI,2020,3
172,AS,2020,3
166,WS,2020,3
164,TO,2020,3
154,ST,2020,3
139,ER,2020,3
139,KM,2020,3
135,FM,2020,3
118,GW,2020,3
115,MH,2020,3
113,CF,2020,3
109,PW,2020,3
11660333,US,2020,4
8582973,EU,2020,4
6968848,CN,2020,4
5653924,IN,2020,4
1956184,GB,2020,4
1820522,BR,2020,4
1647055,RU,2020,4
1631022,DE,2020,4
1429144,JP,2020,4
1384211,CA,2020,4
1310873,FR,2020,4
1234657,ID,2020,4
985950,KR,2020,4
823279,AU,2020,4
812307,ES,2020,4
735164,MX,2020,4
693442,UA,2020,4
674883,NL,2020,4
670969,TR,2020,4
648835,VN,2020,4
645840,PL,2020,4
600518,IT,2020,4
566027,HK,2020,4
563189,PH,2020,4
512233,TW,2020,4
428915,PK,2020,4
402074,SG,2020,4
385848,CO,2020,4
384559,AR,2020,4
383466,TH,2020,4
378992,SE,2020,4
329651,EG,2020,4
312435,BD,2020,4
311392,IL,2020,4
306282,MY,2020,4
271203,IR,2020,4
270853,RO,2020,4
265029,BE,2020,4
261947,ZA,2020,4
261426,CH,2020,4
255132,NG,2020,4
234329,SA,2020,4
219082,CL,2020,4
212849,PT,2020,4
211440,DK,2020,4
209451,PE,2020,4
192213,MA,2020,4
189136,CZ,2020,4
188746,NO,2020,4
181245,AT,2020,4
181242,BY,2020,4
175999,IE,2020,4
175475,HU,2020,4
172901,FI,2020,4
167579,NZ,2020,4
144381,GR,2020,4
133327,AE,2020,4
126053,BG,2020,4
122426,DZ,2020,4
118828,KE,2020,4
117828,RS,2020,4
115313,LK,2020,4
113249,TN,2020,4
100228,VE,2020,4
99378,EC,2020,4
96315,KZ,2020,4
95260,NP,2020,4
78815,IQ,2020,4
70856,HR,2020,4
70722,MM,2020,4
69846,LT,2020,4
69384,SK,2020,4
67249,CR,2020,4
59738,GH,2020,4
51993,DO,2020,4
50685,JO,2020,4
49502,BO,2020,4
48999,EE,2020,4
47283,GT,2020,4
46479,LV,2020,4
45990,UY,2020,4
45506,SI,2020,4
42727,LB,2020,4
41139,UZ,2020,4
39813,GE,2020,4
39744,KH,2020,4
39501,AM,2020,4
37908,AZ,2020,4
37541,AL,2020,4
36114,MD,2020,4
35753,BA,2020,4
34310,SV,2020,4
33695,PS,2020,4
32068,ET,2020,4
30888,KW,2020,4
29392,MK,2020,4
26676,UG,2020,4
25563,QA,2020,4
24702,PR,2020,4
23850,PA,2020,4
23662,CM,2020,4
22745,TZ,2020,4
22496,HN,2020,4
21070,KG,2020,4
21066,CI,2020,4
19601,PY,2020,4
19465,OM,2020,4
19037,SY,2020,4
18774,MN,2020,4
18497,LU,2020,4
18400,CY,2020,4
17910,IS,2020,4
17895,SN,2020,4
17693,CU,2020,4
17516,YE,2020,4
17355,ZW,2020,4
15434,SD,2020,4
15418,NI,2020,4
15398,JM,2020,4
15210,MT,2020,4
13753,MU,2020,4
13588,BH,2020,4
13197,MG,2020,4
12597,RW,2020,4
12457,LY,2020,4
11983,TT,2020,4
10716,MO,2020,4
10554,AO,2020,4
9847,ZM,2020,4
9483,BJ,2020,4
9236,AF,2020,4
8057,MZ,2020,4
7909,LA,2020,4
7840,CD,2020,4
7784,SO,2020,4
7596,RE,2020,4
6845,TG,2020,4
6656,ME,2020,4
5829,BW,2020,4
5609,HT,2020,4
5406,MV,2020,4
5075,BN,2020,4
4660,MW,2020,4
3970,BB,2020,4
3820,BF,2020,4
3756,TJ,2020,4
3687,NA,2020,4
3648,BS,2020,4
3425,TM,2020,4
2930,ML,2020,4
2703,GP,2020,4
2682,SL,2020,4
2654,BT,2020,4
2491,GY,2020,4
2462,BZ,2020,4
2398,FJ,2020,4
2320,PG,2020,4
2234,SR,2020,4
2169,IM,2020,4
2166,MR,2020,4
2089,GU,2020,4
2025,MQ,2020,4
2011,JE,2020,4
1966,GA,2020,4
1966,LR,2020,4
1953,GN,2020,4
1932,CV,2020,4
1859,GM,2020,4
1822,NC,2020,4
1818,PF,2020,4
1778,CW,2020,4
1710,LS,2020,4
1501,NE,2020,4
1481,BI,2020,4
1412,SZ,2020,4
1389,AD,2020,4
1384,KY,2020,4
1331,CG,2020,4
1329,BM,2020,4
1304,AW,2020,4
1296,LC,2020,4
991,SC,2020,4
986,VI,2020,4
969,FO,2020,4
965,GF,2020,4
956,DJ,2020,4
909,GG,2020,4
903,GI,2020,4
884,MC,2020,4
878,LI,2020,4
844,GD,2020,4
662,AG,2020,4
613,VC,2020,4
549,ER,2020,4
519,TL,2020,4
514,AX,2020,4
471,GL,2020,4
466,SM,2020,4
432,YT,2020,4
431,TD,2020,4
427,SS,2020,4
420,KN,2020,4
420,DM,2020,4
387,MP,2020,4
379,SX,2020,4
327,GQ,2020,4
315,TC,2020,4
312,VU,2020,4
294,SB,2020,4
283,VG,2020,4
232,BQ,2020,4
219,AI,2020,4
188,AS,2020,4
178,WS,2020,4
170,ST,2020,4
168,TO,2020,4
166,KM,2020,4
138,FM,2020,4
134,GW,2020,4
126,CF,2020,4
121,MH,2020,4
120,PW,2020,4
12307169,US,2021,1
9161191,EU,2021,1
7246949,CN,2021,1
6083067,IN,2021,1
2075096,GB,2021,1
1970500,BR,2021,1
1762587,RU,2021,1
1741361,DE,2021,1
1520892,JP,2021,1
1475923,CA,2021,1
1400063,FR,2021,1
1365576,ID,2021,1
1075499,KR,2021,1
869221,ES,2021,1
864370,AU,2021,1
827563,MX,2021,1
747120,TR,2021,1
737846,UA,2021,1
713316,NL,2021,1
691796,VN,2021,1
687888,PL,2021,1
647818,IT,2021,1
628664,HK,2021,1
609581,PH,2021,1
545832,TW,2021,1
470394,PK,2021,1
429261,SG,2021,1
419083,CO,2021,1
412666,TH,2021,1
411159,AR,2021,1
398837,SE,2021,1
360922,EG,2021,1
342028,BD,2021,1
330976,IL,2021,1
330302,MY,2021,1
291772,IR,2021,1
291342,RO,2021,1
287828,NG,2021,1
282771,BE,2021,1
280384,ZA,2021,1
276209,CH,2021,1
255614,SA,2021,1
233905,CL,2021,1
230441,PT,2021,1
224138,PE,2021,1
222468,DK,2021,1
211693,MA,2021,1
202890,CZ,2021,1
199720,NO,2021,1
194191,AT,2021,1
194051,BY,2021,1
187690,IE,2021,1
186751,HU,2021,1
183288,FI,2021,1
176605,NZ,2021,1
154874,GR,2021,1
145143,AE,2021,1
134389,BG,2021,1
132744,DZ,2021,1
127932,KE,2021,1
125527,RS,2021,1
124223,LK,2021,1
123955,TN,2021,1
107074,EC,2021,1
105798,VE,2021,1
105194,KZ,2021,1
102252,NP,2021,1
89485,IQ,2021,1
75376,HR,2021,1
74882,LT,2021,1
74875,SK,2021,1
74063,MM,2021,1
71898,CR,2021,1
64799,GH,2021,1
55693,JO,2021,1
55675,DO,2021,1
52758,BO,2021,1
51852,EE,2021,1
51587,GT,2021,1
50471,LV,2021,1
49018,UY,2021,1
48415,UZ,2021,1
47992,SI,2021,1
47635,LB,2021,1
43214,GE,2021,1
42696,AM,2021,1
42581,AZ,2021,1
42518,KH,2021,1
40744,AL,2021,1
38908,MD,2021,1
38521,BA,2021,1
36469,PS,2021,1
36341,SV,2021,1
35422,ET,2021,1
33379,KW,2021,1
31511,MK,2021,1
27846,UG,2021,1
27575,QA,2021,1
26420,PR,2021,1
25862,CM,2021,1
25660,PA,2021,1
24618,HN,2021,1
24089,TZ,2021,1
23528,KG,2021,1
22656,CI,2021,1
21397,OM,2021,1
20979,PY,2021,1
20975,MN,2021,1
20433,CY,2021,1
20387,SY,2021,1
20184,SN,2021,1
19751,YE,2021,1
19677,LU,2021,1
19221,CU,2021,1
18849,IS,2021,1
18740,ZW,2021,1
16853,SD,2021,1
16810,JM,2021,1
16599,NI,2021,1
16034,MT,2021,1
14877,BH,2021,1
14686,MU,2021,1
14426,MG,2021,1
13714,LY,2021,1
13414,RW,2021,1
13190,TT,2021,1
11601,AO,2021,1
11353,MO,2021,1
11223,BJ,2021,1
10877,ZM,2021,1
10176,AF,2021,1
9412,SO,2021,1
8689,CD,2021,1
8672,MZ,2021,1
8529,LA,2021,1
8239,RE,2021,1
7475,TG,2021,1
7087,ME,2021,1
6422,BW,2021,1
6056,HT,2021,1
5950,MV,2021,1
5468,BN,2021,1
4976,MW,2021,1
4382,BF,2021,1
4343,BB,2021,1
4327,TJ,2021,1
4078,NA,2021,1
4003,BS,2021,1
3526,TM,2021,1
3232,ML,2021,1
2964,SL,2021,1
2934,GP,2021,1
2895,BT,2021,1
2714,GY,2021,1
2696,BZ,2021,1
2539,PG,2021,1
2521,FJ,2021,1
2422,SR,2021,1
2407,MR,2021,1
2382,IM,2021,1
2228,GU,2021,1
2215,MQ,2021,1
2153,JE,2021,1
2129,GA,2021,1
2123,GN,2021,1
2122,LR,2021,1
2108,CV,2021,1
1999,GM,2021,1
1952,NC,2021,1
1931,PF,2021,1
1912,CW,2021,1
1840,LS,2021,1
1615,BI,2021,1
1607,NE,2021,1
1543,AD,2021,1
1527,SZ,2021,1
1489,KY,2021,1
1461,CG,2021,1
1421,BM,2021,1
1411,AW,2021,1
1405,LC,2021,1
1153,SC,2021,1
1079,VI,2021,1
1057,GF,2021,1
1055,FO,2021,1
1052,GG,2021,1
1036,DJ,2021,1
1015,ER,2021,1
952,LI,2021,1
934,GI,2021,1
934,MC,2021,1
904,GD,2021,1
719,AG,2021,1
665,VC,2021,1
596,AX,2021,1
560,TL,2021,1
511,GL,2021,1
495,SM,2021,1
494,SS,2021,1
476,TD,2021,1
471,DM,2021,1
461,KN,2021,1
449,YT,2021,1
422,SX,2021,1
422,MP,2021,1
364,GQ,2021,1
346,TC,2021,1
328,VU,2021,1
313,SB,2021,1
305,VG,2021,1
249,BQ,2021,1
248,AI,2021,1
199,AS,2021,1
198,WS,2021,1
198,KM,2021,1
180,TO,2021,1
178,ST,2021,1
156,GW,2021,1
154,FM,2021,1
136,CF,2021,1
127,PW,2021,1
124,MH,2021,1
12895305,US,2021,2
9657304,EU,2021,2
7424903,CN,2021,2
6652622,IN,2021,2
2175726,GB,2021,2
2164091,BR,2021,2
1867985,RU,2021,2
1846894,DE,2021,2
1640191,JP,2021,2
1554341,CA,2021,2
1483474,ID,2021,2
1475345,FR,2021,2
1158902,KR,2021,2
917477,ES,2021,2
909967,AU,2021,2
896220,MX,2021,2
815145,TR,2021,2
776084,UA,2021,2
751010,VN,2021,2
749861,NL,2021,2
731760,HK,2021,2
724435,PL,2021,2
689401,IT,2021,2
661165,PH,2021,2
585430,TW,2021,2
510612,PK,2021,2
477580,SG,2021,2
454262,CO,2021,2
451295,AR,2021,2
441763,TH,2021,2
415782,SE,2021,2
393395,EG,2021,2
376506,BD,2021,2
358033,MY,2021,2
349215,IL,2021,2
322655,NG,2021,2
311413,IR,2021,2
307215,RO,2021,2
299470,ZA,2021,2
296092,BE,2021,2
290158,CH,2021,2
273934,SA,2021,2
254518,CL,2021,2
245458,PE,2021,2
244058,PT,2021,2
231435,DK,2021,2
230292,MA,2021,2
213752,CZ,2021,2
208052,NO,2021,2
204731,BY,2021,2
204619,AT,2021,2
196617,IE,2021,2
194862,HU,2021,2
191775,FI,2021,2
185402,NZ,2021,2
162866,GR,2021,2
156951,AE,2021,2
145009,DZ,2021,2
140723,BG,2021,2
138374,KE,2021,2
135679,LK,2021,2
133148,TN,2021,2
132378,RS,2021,2
116303,EC,2021,2
114335,NP,2021,2
111914,KZ,2021,2
111074,VE,2021,2
99350,IQ,2021,2
79280,HR,2021,2
78982,LT,2021,2
78768,CR,2021,2
78489,SK,2021,2
75240,MM,2021,2
70575,GH,2021,2
60702,JO,2021,2
59641,DO,2021,2
56922,BO,2021,2
56168,UZ,2021,2
55889,GT,2021,2
54042,EE,2021,2
53481,LV,2021,2
52690,UY,2021,2
51539,LB,2021,2
50093,SI,2021,2
46598,AZ,2021,2
46342,GE,2021,2
46147,KH,2021,2
45631,AM,2021,2
43582,AL,2021,2
41360,MD,2021,2
40680,BA,2021,2
39133,ET,2021,2
38979,SV,2021,2
38870,PS,2021,2
35979,KW,2021,2
33379,MK,2021,2
29917,UG,2021,2
29582,QA,2021,2
28682,CM,2021,2
27748,PA,2021,2
27729,PR,2021,2
26774,HN,2021,2
26518,TZ,2021,2
25943,KG,2021,2
24576,CI,2021,2
23511,OM,2021,2
22932,MN,2021,2
22617,SY,2021,2
22533,PY,2021,2
22120,SN,2021,2
22079,CY,2021,2
21926,YE,2021,2
20918,CU,2021,2
20775,LU,2021,2
20321,ZW,2021,2
19480,IS,2021,2
18265,SD,2021,2
18168,JM,2021,2
17777,NI,2021,2
16874,MT,2021,2
16170,BH,2021,2
15767,MU,2021,2
15713,MG,2021,2
14906,LY,2021,2
14468,RW,2021,2
14332,TT,2021,2
13229,BJ,2021,2
12850,AO,2021,2
11957,MO,2021,2
11869,ZM,2021,2
11195,AF,2021,2
10368,SO,2021,2
9674,CD,2021,2
9439,MZ,2021,2
9289,LA,2021,2
8772,RE,2021,2
8309,TG,2021,2
7499,ME,2021,2
6966,BW,2021,2
6621,HT,2021,2
6548,MV,2021,2
5931,BN,2021,2
5428,MW,2021,2
5162,BF,2021,2
4886,NA,2021,2
4808,TJ,2021,2
4566,BB,2021,2
4303,BS,2021,2
3754,TM,2021,2
3589,ML,2021,2
3195,SL,2021,2
3155,BT,2021,2
3131,GP,2021,2
2975,GY,2021,2
2896,BZ,2021,2
2789,PG,2021,2
2726,FJ,2021,2
2661,MR,2021,2
2598,SR,2021,2
2495,IM,2021,2
2476,LR,2021,2
2389,GU,2021,2
2352,MQ,2021,2
2349,GN,2021,2
2322,GA,2021,2
2256,CV,2021,2
2245,JE,2021,2
2139,GM,2021,2
2085,PF,2021,2
2062,NC,2021,2
2038,LS,2021,2
2020,CW,2021,2
1804,BI,2021,2
1721,NE,2021,2
1686,AD,2021,2
1660,SZ,2021,2
1651,CG,2021,2
1584,KY,2021,2
1497,AW,2021,2
1482,BM,2021,2
1481,LC,2021,2
1391,SC,2021,2
1329,ER,2021,2
1166,VI,2021,2
1145,GF,2021,2
1118,FO,2021,2
1110,DJ,2021,2
1099,GG,2021,2
1014,LI,2021,2
997,GI,2021,2
958,MC,2021,2
953,GD,2021,2
786,AG,2021,2
715,VC,2021,2
633,AX,2021,2
594,TL,2021,2
580,SS,2021,2
579,GL,2021,2
538,SM,2021,2
535,TD,2021,2
516,DM,2021,2
495,KN,2021,2
470,YT,2021,2
457,MP,2021,2
441,SX,2021,2
407,GQ,2021,2
379,TC,2021,2
348,VU,2021,2
337,VG,2021,2
330,SB,2021,2
297,AI,2021,2
266,BQ,2021,2
228,KM,2021,2
216,AS,2021,2
215,WS,2021,2
192,TO,2021,2
189,ST,2021,2
165,GW,2021,2
159,FM,2021,2
151,CF,2021,2
134,KI,2021,2
134,PW,2021,2
131,MH,2021,2
122,PM,2021,2
102,CK,2021,2
13515151,US,2021,3
10099285,EU,2021,3
7637259,CN,2021,3
7243683,IN,2021,3
2373783,BR,2021,3
2272740,GB,2021,3
1986086,RU,2021,3
1930582,DE,2021,3
1738658,JP,2021,3
1641667,ID,2021,3
1630783,CA,2021,3
1540101,FR,2021,3
1240831,KR,2021,3
980147,MX,2021,3
963984,AU,2021,3
960915,ES,2021,3
863930,TR,2021,3
843598,VN,2021,3
820433,HK,2021,3
818046,UA,2021,3
784623,NL,2021,3
756585,PL,2021,3
741349,PH,2021,3
721920,IT,2021,3
622391,TW,2021,3
553975,PK,2021,3
518833,SG,2021,3
498795,CO,2021,3
492810,AR,2021,3
476990,TH,2021,3
433647,SE,2021,3
427799,EG,2021,3
413698,BD,2021,3
389910,MY,2021,3
368148,IL,2021,3
354801,NG,2021,3
332689,IR,2021,3
321946,RO,2021,3
319311,ZA,2021,3
308251,BE,2021,3
303277,CH,2021,3
294430,SA,2021,3
273042,CL,2021,3
265611,PE,2021,3
255721,PT,2021,3
247624,MA,2021,3
241348,DK,2021,3
223549,CZ,2021,3
217917,NO,2021,3
216789,BY,2021,3
213986,AT,2021,3
205811,HU,2021,3
204898,IE,2021,3
200264,FI,2021,3
195666,NZ,2021,3
170670,GR,2021,3
167202,AE,2021,3
157075,DZ,2021,3
154117,LK,2021,3
149157,KE,2021,3
147125,BG,2021,3
141516,TN,2021,3
139109,RS,2021,3
125033,EC,2021,3
124669,NP,2021,3
118926,KZ,2021,3
116360,VE,2021,3
109878,IQ,2021,3
84300,CR,2021,3
83147,LT,2021,3
83036,HR,2021,3
82378,SK,2021,3
78678,MM,2021,3
76245,GH,2021,3
65406,JO,2021,3
64278,UZ,2021,3
63522,DO,2021,3
61087,BO,2021,3
60656,GT,2021,3
56909,UY,2021,3
56894,EE,2021,3
56675,LV,2021,3
54887,LB,2021,3
51881,SI,2021,3
50341,AZ,2021,3
50004,KH,2021,3
49759,GE,2021,3
48884,AM,2021,3
44938,AL,2021,3
44012,MD,2021,3
43175,ET,2021,3
42709,BA,2021,3
41978,SV,2021,3
41627,PS,2021,3
38064,KW,2021,3
35044,MK,2021,3
33204,UG,2021,3
31276,QA,2021,3
31193,CM,2021,3
30008,PA,2021,3
29291,HN,2021,3
29095,PR,2021,3
28386,KG,2021,3
28341,TZ,2021,3
26608,CI,2021,3
25082,OM,2021,3
24490,YE,2021,3
24419,PY,2021,3
24417,MN,2021,3
24349,SY,2021,3
23610,SN,2021,3
23605,CY,2021,3
22554,CU,2021,3
22195,LU,2021,3
21794,ZW,2021,3
20448,IS,2021,3
19939,SD,2021,3
19555,JM,2021,3
19173,NI,2021,3
17532,MT,2021,3
17405,BH,2021,3
17147,MG,2021,3
16411,MU,2021,3
16125,LY,2021,3
15679,RW,2021,3
15512,TT,2021,3
14569,BJ,2021,3
14041,AO,2021,3
12944,ZM,2021,3
12461,MO,2021,3
12024,AF,2021,3
11417,SO,2021,3
10520,CD,2021,3
10248,MZ,2021,3
10108,LA,2021,3
9345,RE,2021,3
9017,TG,2021,3
8214,ME,2021,3
7403,BW,2021,3
7110,MV,2021,3
7087,HT,2021,3
6362,BN,2021,3
5972,MW,2021,3
5786,BF,2021,3
5388,NA,2021,3
5274,TJ,2021,3
4743,BB,2021,3
4558,BS,2021,3
4050,ML,2021,3
4004,TM,2021,3
3634,BT,2021,3
3413,SL,2021,3
3328,GP,2021,3
3195,GY,2021,3
3170,BZ,2021,3
3141,PG,2021,3
2991,FJ,2021,3
2910,MR,2021,3
2779,SR,2021,3
2674,LR,2021,3
2640,IM,2021,3
2563,GN,2021,3
2552,GA,2021,3
2528,GU,2021,3
2498,MQ,2021,3
2363,JE,2021,3
2354,CV,2021,3
2272,GM,2021,3
2247,LS,2021,3
2207,PF,2021,3
2178,NC,2021,3
2107,CW,2021,3
1965,BI,2021,3
1909,NE,2021,3
1874,CG,2021,3
1790,AD,2021,3
1787,SZ,2021,3
1626,KY,2021,3
1610,SC,2021,3
1589,AW,2021,3
1580,LC,2021,3
1560,BM,2021,3
1382,ER,2021,3
1236,VI,2021,3
1210,GF,2021,3
1189,DJ,2021,3
1163,GG,2021,3
1162,FO,2021,3
1058,GD,2021,3
1050,LI,2021,3
1042,GI,2021,3
1020,MC,2021,3
830,AG,2021,3
745,VC,2021,3
680,SS,2021,3
659,AX,2021,3
636,TD,2021,3
617,GL,2021,3
614,TL,2021,3
559,DM,2021,3
555,SM,2021,3
541,KN,2021,3
494,YT,2021,3
486,MP,2021,3
467,SX,2021,3
445,GQ,2021,3
396,TC,2021,3
368,VU,2021,3
355,VG,2021,3
352,SB,2021,3
298,AI,2021,3
268,BQ,2021,3
258,KM,2021,3
241,WS,2021,3
232,AS,2021,3
213,TO,2021,3
192,ST,2021,3
185,GW,2021,3
170,FM,2021,3
164,CF,2021,3
141,PW,2021,3
134,MH,2021,3
108,KI,2021,3
102,PM,2021,3
14190290,US,2021,4
10681529,EU,2021,4
7813172,CN,2021,4
7790683,IN,2021,4
2547533,BR,2021,4
2398439,GB,2021,4
2130228,RU,2021,4
2038582,DE,2021,4
1841051,JP,2021,4
1795600,ID,2021,4
1721887,CA,2021,4
1630862,FR,2021,4
1310102,KR,2021,4
1047463,MX,2021,4
1019602,ES,2021,4
1006710,AU,2021,4
936490,VN,2021,4
926888,TR,2021,4
896584,HK,2021,4
870261,UA,2021,4
829753,NL,2021,4
812769,PH,2021,4
804421,PL,2021,4
765847,IT,2021,4
659942,TW,2021,4
600696,PK,2021,4
562951,SG,2021,4
532514,CO,2021,4
527540,AR,2021,4
510059,TH,2021,4
464402,EG,2021,4
458953,BD,2021,4
456674,SE,2021,4
421744,MY,2021,4
395367,NG,2021,4
392151,IL,2021,4
358613,IR,2021,4
341462,RO,2021,4
337012,ZA,2021,4
325754,BE,2021,4
320661,CH,2021,4
314763,SA,2021,4
287761,CL,2021,4
282780,PE,2021,4
272555,PT,2021,4
266861,MA,2021,4
253517,DK,2021,4
237034,CZ,2021,4
231051,BY,2021,4
229242,NO,2021,4
226778,AT,2021,4
215996,HU,2021,4
215097,IE,2021,4
210319,FI,2021,4
203717,NZ,2021,4
179501,AE,2021,4
178668,GR,2021,4
169045,DZ,2021,4
166992,LK,2021,4
160129,KE,2021,4
154311,BG,2021,4
152080,TN,2021,4
148494,RS,2021,4
132928,EC,2021,4
132549,NP,2021,4
127541,KZ,2021,4
120903,VE,2021,4
120522,IQ,2021,4
88759,CR,2021,4
87610,HR,2021,4
87536,LT,2021,4
86324,SK,2021,4
82771,MM,2021,4
82027,GH,2021,4
74253,UZ,2021,4
70583,JO,2021,4
67172,DO,2021,4
64703,BO,2021,4
63803,GT,2021,4
60318,EE,2021,4
60085,LV,2021,4
59696,UY,2021,4
58179,LB,2021,4
54561,SI,2021,4
54354,AZ,2021,4
53984,GE,2021,4
53363,KH,2021,4
52206,AM,2021,4
46902,ET,2021,4
46795,AL,2021,4
46410,MD,2021,4
45481,BA,2021,4
45008,PS,2021,4
44261,SV,2021,4
40249,KW,2021,4
37158,MK,2021,4
36304,UG,2021,4
33992,CM,2021,4
33126,QA,2021,4
31984,PA,2021,4
31582,KG,2021,4
31202,HN,2021,4
30381,PR,2021,4
30232,TZ,2021,4
28562,CI,2021,4
27142,YE,2021,4
26662,OM,2021,4
26261,MN,2021,4
26127,SY,2021,4
25813,PY,2021,4
25812,CY,2021,4
25249,SN,2021,4
23831,CU,2021,4
23649,LU,2021,4
23154,ZW,2021,4
21219,JM,2021,4
21177,SD,2021,4
21139,IS,2021,4
20521,NI,2021,4
19084,BH,2021,4
18402,MT,2021,4
18346,MG,2021,4
17571,MU,2021,4
17489,LY,2021,4
16831,RW,2021,4
16573,TT,2021,4
16107,BJ,2021,4
15173,AO,2021,4
14008,ZM,2021,4
13383,MO,2021,4
13038,AF,2021,4
12736,SO,2021,4
11266,CD,2021,4
11085,LA,2021,4
10886,MZ,2021,4
9784,TG,2021,4
9640,RE,2021,4
8519,ME,2021,4
7821,BW,2021,4
7813,HT,2021,4
7701,MV,2021,4
6853,BN,2021,4
6658,MW,2021,4
6433,BF,2021,4
5797,NA,2021,4
5597,TJ,2021,4
4985,BB,2021,4
4867,BS,2021,4
4432,ML,2021,4
4364,TM,2021,4
3965,BT,2021,4
3674,SL,2021,4
3500,GP,2021,4
3422,GY,2021,4
3416,BZ,2021,4
3325,PG,2021,4
3178,FJ,2021,4
3116,MR,2021,4
3019,LR,2021,4
2939,SR,2021,4
2834,GN,2021,4
2782,GA,2021,4
2750,IM,2021,4
2640,GU,2021,4
2621,MQ,2021,4
2513,CV,2021,4
2451,GM,2021,4
2439,LS,2021,4
2420,JE,2021,4
2317,PF,2021,4
2291,NC,2021,4
2202,CW,2021,4
2151,BI,2021,4
2103,NE,2021,4
2069,CG,2021,4
1951,SZ,2021,4
1898,AD,2021,4
1740,KY,2021,4
1723,LC,2021,4
1653,AW,2021,4
1631,BM,2021,4
1510,SC,2021,4
1454,ER,2021,4
1313,VI,2021,4
1275,GF,2021,4
1267,DJ,2021,4
1189,FO,2021,4
1180,GG,2021,4
1156,GD,2021,4
1099,GI,2021,4
1088,LI,2021,4
1065,MC,2021,4
878,AG,2021,4
781,VC,2021,4
765,SS,2021,4
709,TD,2021,4
701,AX,2021,4
685,TL,2021,4
683,DM,2021,4
658,GL,2021,4
578,SM,2021,4
565,KN,2021,4
525,YT,2021,4
512,MP,2021,4
485,SX,2021,4
477,GQ,2021,4
417,TC,2021,4
392,VU,2021,4
382,VG,2021,4
379,SB,2021,4
324,AI,2021,4
280,BQ,2021,4
280,KM,2021,4
262,WS,2021,4
250,AS,2021,4
236,XK,2021,4
223,TO,2021,4
201,GW,2021,4
193,ST,2021,4
185,CF,2021,4
177,FM,2021,4
145,PW,2021,4
135,MH,2021,4
110,KI,2021,4
108,CK,2021,4
107,PM,2021,4
15137065,US,2022,1
11454780,EU,2022,1
8463763,IN,2022,1
7956046,CN,2022,1
2779079,BR,2022,1
2555010,GB,2022,1
2312304,RU,2022,1
2180029,DE,2022,1
1954146,JP,2022,1
1943182,ID,2022,1
1852152,CA,2022,1
1760940,FR,2022,1
1394160,KR,2022,1
1129550,MX,2022,1
1094467,ES,2022,1
1066359,AU,2022,1
1023342,HK,2022,1
1015107,TR,2022,1
1002684,VN,2022,1
931796,UA,2022,1
888133,PH,2022,1
882733,NL,2022,1
873922,PL,2022,1
822968,IT,2022,1
702084,TW,2022,1
656514,PK,2022,1
615939,SG,2022,1
589373,TH,2022,1
578400,AR,2022,1
572678,CO,2022,1
503619,EG,2022,1
498464,BD,2022,1
485345,SE,2022,1
453264,NG,2022,1
452665,MY,2022,1
418028,IL,2022,1
380170,IR,2022,1
366434,RO,2022,1
362162,ZA,2022,1
347648,BE,2022,1
340839,CH,2022,1
336367,SA,2022,1
306133,CL,2022,1
300996,PE,2022,1
294153,PT,2022,1
289130,MA,2022,1
269000,DK,2022,1
253414,CZ,2022,1
246969,BY,2022,1
243764,NO,2022,1
242864,AT,2022,1
229715,HU,2022,1
228094,IE,2022,1
225454,FI,2022,1
215504,NZ,2022,1
196134,AE,2022,1
189845,GR,2022,1
181881,DZ,2022,1
181002,LK,2022,1
177396,KE,2022,1
165393,TN,2022,1
164895,BG,2022,1
156374,RS,2022,1
145742,NP,2022,1
142291,EC,2022,1
138754,KZ,2022,1
136487,IQ,2022,1
127527,VE,2022,1
94663,LT,2022,1
94631,CR,2022,1
93633,HR,2022,1
92645,SK,2022,1
90202,GH,2022,1
87675,MM,2022,1
86479,UZ,2022,1
76508,JO,2022,1
72082,DO,2022,1
69353,GT,2022,1
69079,BO,2022,1
65977,LV,2022,1
64671,EE,2022,1
63840,UY,2022,1
62982,LB,2022,1
60005,AZ,2022,1
59732,GE,2022,1
58230,SI,2022,1
57246,KH,2022,1
56410,AM,2022,1
55274,ET,2022,1
50309,MD,2022,1
49486,AL,2022,1
48428,BA,2022,1
47974,PS,2022,1
47224,SV,2022,1
43114,KW,2022,1
39859,MK,2022,1
39472,UG,2022,1
37128,CM,2022,1
35774,QA,2022,1
35320,KG,2022,1
33918,HN,2022,1
33874,PA,2022,1
32410,PR,2022,1
32358,TZ,2022,1
31309,CI,2022,1
29840,YE,2022,1
28674,MN,2022,1
28667,OM,2022,1
28252,CY,2022,1
27600,PY,2022,1
27582,SY,2022,1
27345,SN,2022,1
25653,CU,2022,1
25107,LU,2022,1
24924,ZW,2022,1
23131,JM,2022,1
22924,SD,2022,1
22258,IS,2022,1
22070,NI,2022,1
20938,MU,2022,1
20701,BH,2022,1
20292,MG,2022,1
19682,MT,2022,1
19088,LY,2022,1
18261,RW,2022,1
18175,TT,2022,1
17593,BJ,2022,1
16473,AO,2022,1
15367,ZM,2022,1
14424,SO,2022,1
14310,MO,2022,1
14215,AF,2022,1
12368,CD,2022,1
12090,LA,2022,1
11594,MZ,2022,1
10730,TG,2022,1
10267,RE,2022,1
9084,ME,2022,1
8501,BW,2022,1
8324,MV,2022,1
8322,HT,2022,1
7549,BN,2022,1
7286,MW,2022,1
7180,BF,2022,1
6269,NA,2022,1
6140,TJ,2022,1
5327,BB,2022,1
5283,BS,2022,1
4963,ML,2022,1
4794,TM,2022,1
4315,BT,2022,1
4123,SL,2022,1
3735,GY,2022,1
3686,GP,2022,1
3657,BZ,2022,1
3599,PG,2022,1
3515,MR,2022,1
3418,XK,2022,1
3360,FJ,2022,1
3274,LR,2022,1
3176,SR,2022,1
3136,GN,2022,1
3030,GA,2022,1
2922,IM,2022,1
2841,MQ,2022,1
2832,GU,2022,1
2665,CV,2022,1
2628,LS,2022,1
2617,GM,2022,1
2503,JE,2022,1
2468,PF,2022,1
2398,NC,2022,1
2381,NE,2022,1
2363,BI,2022,1
2337,CW,2022,1
2302,CG,2022,1
2175,SZ,2022,1
2113,AD,2022,1
2065,SC,2022,1
1870,KY,2022,1
1831,LC,2022,1
1741,AW,2022,1
1710,BM,2022,1
1581,ER,2022,1
1417,VI,2022,1
1384,DJ,2022,1
1346,GF,2022,1
1274,FO,2022,1
1258,GD,2022,1
1252,GG,2022,1
1184,LI,2022,1
1160,GI,2022,1
1111,MC,2022,1
993,AG,2022,1
855,SS,2022,1
850,TD,2022,1
838,AX,2022,1
833,VC,2022,1
751,TL,2022,1
733,DM,2022,1
718,GL,2022,1
612,SM,2022,1
598,KN,2022,1
575,YT,2022,1
554,MP,2022,1
518,SX,2022,1
498,GQ,2022,1
451,TC,2022,1
425,VU,2022,1
406,VG,2022,1
399,SB,2022,1
333,AI,2022,1
303,KM,2022,1
302,BQ,2022,1
289,WS,2022,1
286,AS,2022,1
227,TO,2022,1
210,GW,2022,1
197,CF,2022,1
182,ST,2022,1
181,FM,2022,1
153,PW,2022,1
149,MH,2022,1
126,KI,2022,1
125,MF,2022,1
114,CK,2022,1
114,PM,2022,1
15941648,US,2022,2
12117799,EU,2022,2
9071304,IN,2022,2
8161027,CN,2022,2
3048283,BR,2022,2
2686737,GB,2022,2
2427801,RU,2022,2
2313149,DE,2022,2
2098356,JP,2022,2
2071045,ID,2022,2
1949763,CA,2022,2
1860335,FR,2022,2
1475424,KR,2022,2
1200917,MX,2022,2
1188477,HK,2022,2
1155246,ES,2022,2
1125184,AU,2022,2
1085601,TR,2022,2
1070392,VN,2022,2
958242,PH,2022,2
954612,UA,2022,2
935738,PL,2022,2
935479,NL,2022,2
868759,IT,2022,2
752092,TW,2022,2
708296,PK,2022,2
672124,SG,2022,2
637275,AR,2022,2
627698,TH,2022,2
613348,CO,2022,2
542611,EG,2022,2
529276,BD,2022,2
520136,NG,2022,2
509831,SE,2022,2
481625,MY,2022,2
442036,IL,2022,2
402480,IR,2022,2
387732,ZA,2022,2
387083,RO,2022,2
364198,BE,2022,2
360201,CH,2022,2
356148,SA,2022,2
328161,CL,2022,2
324822,PE,2022,2
313220,PT,2022,2
309248,MA,2022,2
280283,DK,2022,2
268517,CZ,2022,2
256698,AT,2022,2
254031,NO,2022,2
253594,BY,2022,2
242331,HU,2022,2
239057,IE,2022,2
237619,FI,2022,2
225527,NZ,2022,2
211046,AE,2022,2
198779,GR,2022,2
193410,KE,2022,2
193177,DZ,2022,2
192232,LK,2022,2
174422,BG,2022,2
174269,TN,2022,2
164898,RS,2022,2
158461,NP,2022,2
152157,EC,2022,2
151391,KZ,2022,2
148725,IQ,2022,2
133810,VE,2022,2
100950,CR,2022,2
100893,LT,2022,2
99040,HR,2022,2
98721,UZ,2022,2
98686,GH,2022,2
97625,SK,2022,2
92419,MM,2022,2
81846,JO,2022,2
76989,DO,2022,2
74140,BO,2022,2
74106,GT,2022,2
73610,GE,2022,2
70579,LV,2022,2
68753,UY,2022,2
68457,EE,2022,2
66722,LB,2022,2
65003,AZ,2022,2
64712,AM,2022,2
63891,ET,2022,2
61695,KH,2022,2
60983,SI,2022,2
53706,MD,2022,2
53489,AL,2022,2
51154,PS,2022,2
50835,BA,2022,2
50377,SV,2022,2
45328,KW,2022,2
42374,UG,2022,2
41972,MK,2022,2
40226,CM,2022,2
39263,KG,2022,2
37690,QA,2022,2
36336,PA,2022,2
36111,HN,2022,2
35625,TZ,2022,2
33975,PR,2022,2
33560,CI,2022,2
32576,YE,2022,2
31513,CY,2022,2
30465,MN,2022,2
30292,OM,2022,2
29716,PY,2022,2
29534,SY,2022,2
29338,SN,2022,2
27362,CU,2022,2
26972,LU,2022,2
26742,ZW,2022,2
24700,JM,2022,2
24321,SD,2022,2
23648,NI,2022,2
22962,MU,2022,2
22908,IS,2022,2
22089,BH,2022,2
22037,MG,2022,2
20993,MT,2022,2
20496,LY,2022,2
20011,RW,2022,2
19172,TT,2022,2
19009,BJ,2022,2
17817,AO,2022,2
16662,ZM,2022,2
15680,SO,2022,2
15473,AF,2022,2
15107,MO,2022,2
13632,CD,2022,2
12968,LA,2022,2
12397,MZ,2022,2
11610,TG,2022,2
10779,ME,2022,2
10757,RE,2022,2
9157,BW,2022,2
8861,HT,2022,2
8798,MV,2022,2
8083,MW,2022,2
7887,BN,2022,2
7772,BF,2022,2
6826,NA,2022,2
6721,TJ,2022,2
5662,BS,2022,2
5591,BB,2022,2
5489,ML,2022,2
5355,TM,2022,2
4588,BT,2022,2
4536,SL,2022,2
4248,XK,2022,2
4019,GY,2022,2
3880,PG,2022,2
3854,BZ,2022,2
3848,GP,2022,2
3826,MR,2022,2
3619,FJ,2022,2
3600,LR,2022,2
3442,GN,2022,2
3386,SR,2022,2
3321,GA,2022,2
2993,MQ,2022,2
2984,IM,2022,2
2983,LS,2022,2
2928,GU,2022,2
2872,GM,2022,2
2844,CV,2022,2
2654,NE,2022,2
2614,BI,2022,2
2591,PF,2022,2
2587,JE,2022,2
2531,NC,2022,2
2526,SC,2022,2
2507,CG,2022,2
2464,CW,2022,2
2319,SZ,2022,2
2305,AD,2022,2
1970,KY,2022,2
1958,LC,2022,2
1808,AW,2022,2
1756,BM,2022,2
1738,ER,2022,2
1515,GF,2022,2
1515,DJ,2022,2
1477,VI,2022,2
1331,GD,2022,2
1298,GG,2022,2
1298,FO,2022,2
1276,LI,2022,2
1222,MC,2022,2
1218,GI,2022,2
1098,AG,2022,2
1015,TD,2022,2
962,SS,2022,2
910,AX,2022,2
877,VC,2022,2
867,TL,2022,2
783,GL,2022,2
781,DM,2022,2
635,KN,2022,2
625,YT,2022,2
621,SM,2022,2
581,MP,2022,2
554,GQ,2022,2
552,SX,2022,2
493,TC,2022,2
451,VU,2022,2
433,SB,2022,2
412,VG,2022,2
335,KM,2022,2
326,AI,2022,2
324,AS,2022,2
320,BQ,2022,2
317,WS,2022,2
248,TO,2022,2
215,CF,2022,2
213,GW,2022,2
202,ST,2022,2
182,FM,2022,2
161,PW,2022,2
154,MH,2022,2
147,MF,2022,2
132,KI,2022,2
119,CK,2022,2
116,PM,2022,2
16686238,US,2022,3
12665121,EU,2022,3
9796437,IN,2022,3
8426231,CN,2022,3
3301942,BR,2022,3
2805910,GB,2022,3
2542465,RU,2022,3
2417044,DE,2022,3
2224991,ID,2022,3
2211070,JP,2022,3
2041836,CA,2022,3
1936463,FR,2022,3
1555925,KR,2022,3
1284351,HK,2022,3
1274130,MX,2022,3
1210960,ES,2022,3
1181691,AU,2022,3
1157705,TR,2022,3
1144766,VN,2022,3
1037647,PH,2022,3
992765,UA,2022,3
981895,PL,2022,3
980925,NL,2022,3
906492,IT,2022,3
794930,TW,2022,3
775221,PK,2022,3
724785,SG,2022,3
696258,AR,2022,3
683099,TH,2022,3
664639,CO,2022,3
598921,NG,2022,3
591402,EG,2022,3
568145,BD,2022,3
532188,SE,2022,3
505696,MY,2022,3
463178,IL,2022,3
430640,IR,2022,3
412731,ZA,2022,3
404462,RO,2022,3
378763,SA,2022,3
378625,BE,2022,3
375796,CH,2022,3
347955,PE,2022,3
347823,CL,2022,3
329732,MA,2022,3
328969,PT,2022,3
291541,DK,2022,3
279861,CZ,2022,3
268691,AT,2022,3
265848,NO,2022,3
263163,BY,2022,3
252304,HU,2022,3
249892,IE,2022,3
247938,FI,2022,3
235232,NZ,2022,3
224821,AE,2022,3
211103,KE,2022,3
207257,GR,2022,3
206980,LK,2022,3
205340,DZ,2022,3
182535,TN,2022,3
182284,BG,2022,3
173622,RS,2022,3
170909,NP,2022,3
161282,KZ,2022,3
161205,EC,2022,3
158885,IQ,2022,3
141050,VE,2022,3
110371,UZ,2022,3
108077,GH,2022,3
106837,CR,2022,3
106594,LT,2022,3
103503,HR,2022,3
102527,SK,2022,3
97806,MM,2022,3
87506,JO,2022,3
82085,DO,2022,3
79896,GE,2022,3
79653,GT,2022,3
79145,BO,2022,3
74992,LV,2022,3
73881,UY,2022,3
73199,ET,2022,3
71919,EE,2022,3
70881,AZ,2022,3
70836,LB,2022,3
67845,AM,2022,3
66636,KH,2022,3
62948,SI,2022,3
57060,MD,2022,3
55658,AL,2022,3
54233,PS,2022,3
54039,SV,2022,3
53194,BA,2022,3
48078,KW,2022,3
45996,UG,2022,3
43757,MK,2022,3
43476,CM,2022,3
42634,KG,2022,3
39829,QA,2022,3
38936,HN,2022,3
38726,PA,2022,3
37923,TZ,2022,3
36082,YE,2022,3
35962,CI,2022,3
35288,PR,2022,3
34352,CY,2022,3
32416,MN,2022,3
32080,PY,2022,3
31897,OM,2022,3
31373,SY,2022,3
31016,SN,2022,3
28680,ZW,2022,3
28675,LU,2022,3
28672,CU,2022,3
26463,SD,2022,3
26200,JM,2022,3
25623,NI,2022,3
24065,IS,2022,3
23776,MG,2022,3
23345,BH,2022,3
22815,MU,2022,3
22176,LY,2022,3
21820,MT,2022,3
21625,RW,2022,3
20636,BJ,2022,3
20238,TT,2022,3
18931,AO,2022,3
18096,ZM,2022,3
17145,SO,2022,3
16913,AF,2022,3
15762,MO,2022,3
15072,CD,2022,3
13830,LA,2022,3
13304,MZ,2022,3
12700,TG,2022,3
12157,ME,2022,3
11194,RE,2022,3
9680,BW,2022,3
9374,HT,2022,3
9363,MV,2022,3
9038,MW,2022,3
8465,BF,2022,3
8241,BN,2022,3
7483,NA,2022,3
7424,TJ,2022,3
6082,ML,2022,3
5914,BS,2022,3
5796,BB,2022,3
5781,TM,2022,3
5103,XK,2022,3
4972,SL,2022,3
4914,BT,2022,3
4276,GY,2022,3
4240,PG,2022,3
4158,MR,2022,3
4105,BZ,2022,3
3992,GP,2022,3
3964,FJ,2022,3
3917,LR,2022,3
3824,GN,2022,3
3597,GA,2022,3
3560,SR,2022,3
3544,SC,2022,3
3182,LS,2022,3
3167,MQ,2022,3
3080,IM,2022,3
3073,GM,2022,3
3058,GU,2022,3
2989,CV,2022,3
2905,NE,2022,3
2845,BI,2022,3
2817,CG,2022,3
2730,PF,2022,3
2659,JE,2022,3
2637,NC,2022,3
2555,CW,2022,3
2463,SZ,2022,3
2418,AD,2022,3
2067,KY,2022,3
2063,LC,2022,3
1924,AW,2022,3
1826,BM,2022,3
1663,ER,2022,3
1620,GF,2022,3
1601,DJ,2022,3
1547,VI,2022,3
1397,GD,2022,3
1370,FO,2022,3
1369,GG,2022,3
1330,LI,2022,3
1277,GI,2022,3
1275,MC,2022,3
1162,AG,2022,3
1152,SS,2022,3
1147,TD,2022,3
970,TL,2022,3
962,AX,2022,3
950,VC,2022,3
839,DM,2022,3
811,GL,2022,3
667,YT,2022,3
664,KN,2022,3
641,SM,2022,3
635,MP,2022,3
589,GQ,2022,3
588,SX,2022,3
522,TC,2022,3
493,VU,2022,3
463,SB,2022,3
413,VG,2022,3
361,KM,2022,3
350,AS,2022,3
345,AI,2022,3
338,WS,2022,3
332,BQ,2022,3
263,TO,2022,3
243,CF,2022,3
223,GW,2022,3
219,ST,2022,3
191,FM,2022,3
179,PW,2022,3
159,MH,2022,3
156,MF,2022,3
144,KI,2022,3
129,CK,2022,3
122,PM,2022,3
17416689,US,2022,4
13339629,EU,2022,4
10567593,IN,2022,4
8648352,CN,2022,4
3501226,BR,2022,4
2946458,GB,2022,4
2653716,RU,2022,4
2538291,DE,2022,4
2379999,ID,2022,4
2324953,JP,2022,4
2137478,CA,2022,4
2037520,FR,2022,4
1629354,KR,2022,4
1361757,HK,2022,4
1339349,MX,2022,4
1285942,ES,2022,4
1243553,TR,2022,4
1237554,VN,2022,4
1231761,AU,2022,4
1110917,PH,2022,4
1048914,PL,2022,4
1030070,NL,2022,4
1029538,UA,2022,4
952924,IT,2022,4
844030,PK,2022,4
836840,TW,2022,4
774024,SG,2022,4
741211,AR,2022,4
724189,TH,2022,4
706112,CO,2022,4
663996,NG,2022,4
640531,EG,2022,4
615925,BD,2022,4
558592,SE,2022,4
531869,MY,2022,4
486392,IL,2022,4
452334,IR,2022,4
432286,ZA,2022,4
425122,RO,2022,4
400801,SA,2022,4
397241,BE,2022,4
394402,CH,2022,4
370239,PE,2022,4
364660,CL,2022,4
352152,MA,2022,4
349169,PT,2022,4
303995,DK,2022,4
295589,CZ,2022,4
283530,AT,2022,4
277634,NO,2022,4
273207,BY,2022,4
262982,HU,2022,4
261778,IE,2022,4
261156,FI,2022,4
243497,NZ,2022,4
242446,AE,2022,4
226754,KE,2022,4
223564,LK,2022,4
219383,DZ,2022,4
216055,GR,2022,4
193939,TN,2022,4
190603,BG,2022,4
185998,NP,2022,4
185608,RS,2022,4
183020,KZ,2022,4
170772,IQ,2022,4
170122,EC,2022,4
147568,VE,2022,4
125981,UZ,2022,4
115790,GH,2022,4
112323,LT,2022,4
111767,CR,2022,4
108379,HR,2022,4
107129,SK,2022,4
103504,MM,2022,4
93109,JO,2022,4
92758,GE,2022,4
86973,DO,2022,4
84311,BO,2022,4
83574,GT,2022,4
79983,ET,2022,4
79775,LV,2022,4
77628,UY,2022,4
77114,AZ,2022,4
75703,AM,2022,4
75676,EE,2022,4
74394,LB,2022,4
71746,KH,2022,4
65814,SI,2022,4
59824,MD,2022,4
57692,PS,2022,4
57232,SV,2022,4
56814,AL,2022,4
56236,BA,2022,4
50387,KW,2022,4
49379,KG,2022,4
49197,UG,2022,4
47151,CM,2022,4
46137,MK,2022,4
42448,QA,2022,4
41176,HN,2022,4
40732,PA,2022,4
40086,YE,2022,4
39754,TZ,2022,4
38185,CI,2022,4
37993,CY,2022,4
36573,PR,2022,4
34816,MN,2022,4
34260,PY,2022,4
33934,OM,2022,4
33197,SY,2022,4
33067,SN,2022,4
30390,ZW,2022,4
30356,CU,2022,4
30071,LU,2022,4
28745,SD,2022,4
27652,JM,2022,4
27257,NI,2022,4
25500,MG,2022,4
24950,BH,2022,4
24793,IS,2022,4
24029,LY,2022,4
23360,RW,2022,4
23280,MU,2022,4
22996,MT,2022,4
21971,BJ,2022,4
21132,TT,2022,4
20396,AO,2022,4
19443,ZM,2022,4
18836,SO,2022,4
18290,AF,2022,4
16912,MO,2022,4
16228,CD,2022,4
14671,LA,2022,4
14099,MZ,2022,4
13761,TG,2022,4
13750,ME,2022,4
11670,RE,2022,4
10237,BW,2022,4
9933,MV,2022,4
9903,HT,2022,4
9754,MW,2022,4
9154,BF,2022,4
8564,BN,2022,4
8244,TJ,2022,4
8057,NA,2022,4
7238,XK,2022,4
6747,ML,2022,4
6150,BS,2022,4
6001,BB,2022,4
5994,TM,2022,4
5419,SL,2022,4
5279,BT,2022,4
4526,GY,2022,4
4521,PG,2022,4
4489,LR,2022,4
4452,MR,2022,4
4325,BZ,2022,4
4252,FJ,2022,4
4161,GN,2022,4
4136,GP,2022,4
4116,SC,2022,4
3919,GA,2022,4
3723,SR,2022,4
3462,LS,2022,4
3314,GM,2022,4
3286,MQ,2022,4
3199,CV,2022,4
3195,IM,2022,4
3185,GU,2022,4
3158,NE,2022,4
3098,CG,2022,4
3066,BI,2022,4
2840,PF,2022,4
2747,NC,2022,4
2730,JE,2022,4
2668,CW,2022,4
2629,AD,2022,4
2576,SZ,2022,4
2177,KY,2022,4
2158,LC,2022,4
1958,AW,2022,4
1883,BM,2022,4
1710,DJ,2022,4
1677,GF,2022,4
1639,ER,2022,4
1603,VI,2022,4
1482,GD,2022,4
1430,GG,2022,4
1400,FO,2022,4
1400,LI,2022,4
1363,MC,2022,4
1337,GI,2022,4
1331,SS,2022,4
1288,TD,2022,4
1253,AG,2022,4
1038,AX,2022,4
1017,TL,2022,4
1006,VC,2022,4
894,DM,2022,4
857,GL,2022,4
704,YT,2022,4
677,KN,2022,4
665,SM,2022,4
653,MP,2022,4
637,GQ,2022,4
607,SX,2022,4
550,TC,2022,4
521,VU,2022,4
490,SB,2022,4
450,VG,2022,4
384,KM,2022,4
371,AS,2022,4
366,WS,2022,4
349,AI,2022,4
340,BQ,2022,4
290,TO,2022,4
258,CF,2022,4
247,ST,2022,4
233,GW,2022,4
203,FM,2022,4
184,PW,2022,4
174,MF,2022,4
162,MH,2022,4
148,KI,2022,4
130,PM,2022,4
128,CK,2022,4
18326730,US,2023,1
14086752,EU,2023,1
11443487,IN,2023,1
8863326,CN,2023,1
3736602,BR,2023,1
3110915,GB,2023,1
2790032,RU,2023,1
2676735,DE,2023,1
2518881,ID,2023,1
2471377,JP,2023,1
2256444,CA,2023,1
2156516,FR,2023,1
1725705,KR,2023,1
1470028,HK,2023,1
1418639,MX,2023,1
1370198,ES,2023,1
1317401,TR,2023,1
1313681,VN,2023,1
1292102,AU,2023,1
1186364,PH,2023,1
1109622,PL,2023,1
1084341,NL,2023,1
1071147,UA,2023,1
1009526,IT,2023,1
924871,PK,2023,1
907211,TW,2023,1
850023,SG,2023,1
801254,AR,2023,1
764382,TH,2023,1
760170,CO,2023,1
730873,NG,2023,1
711521,BD,2023,1
687838,EG,2023,1
585385,SE,2023,1
562878,MY,2023,1
511035,IL,2023,1
488928,IR,2023,1
469504,ZA,2023,1
444800,RO,2023,1
426067,SA,2023,1
418586,BE,2023,1
413957,CH,2023,1
392486,PE,2023,1
387675,MA,2023,1
383817,CL,2023,1
369878,PT,2023,1
317817,DK,2023,1
311778,CZ,2023,1
299861,AT,2023,1
291346,NO,2023,1
281666,BY,2023,1
276673,FI,2023,1
276022,HU,2023,1
275288,IE,2023,1
264766,AE,2023,1
255673,NZ,2023,1
254108,KE,2023,1
243299,LK,2023,1
238157,DZ,2023,1
225160,GR,2023,1
208372,TN,2023,1
201873,NP,2023,1
201316,BG,2023,1
196682,KZ,2023,1
194954,RS,2023,1
181131,IQ,2023,1
180536,EC,2023,1
156172,VE,2023,1
140105,UZ,2023,1
130935,GH,2023,1
118795,CR,2023,1
118765,LT,2023,1
113587,HR,2023,1
113578,SK,2023,1
110984,MM,2023,1
103337,GE,2023,1
99483,JO,2023,1
92849,DO,2023,1
89616,BO,2023,1
89310,GT,2023,1
85868,ET,2023,1
85233,LV,2023,1
83478,AZ,2023,1
81919,UY,2023,1
81482,AM,2023,1
79421,LB,2023,1
79333,EE,2023,1
77894,KH,2023,1
68774,SI,2023,1
63551,MD,2023,1
61158,PS,2023,1
60894,SV,2023,1
59368,BA,2023,1
58221,AL,2023,1
53864,KG,2023,1
53431,KW,2023,1
52672,UG,2023,1
50882,CM,2023,1
48678,MK,2023,1
45922,QA,2023,1
44363,YE,2023,1
44012,HN,2023,1
42862,PA,2023,1
42327,TZ,2023,1
41519,CY,2023,1
41200,CI,2023,1
38743,PR,2023,1
37356,MN,2023,1
36836,OM,2023,1
36625,PY,2023,1
35984,SN,2023,1
34639,SY,2023,1
32544,ZW,2023,1
32377,LU,2023,1
31757,CU,2023,1
30819,SD,2023,1
29349,JM,2023,1
29185,NI,2023,1
27740,MG,2023,1
26988,BH,2023,1
26313,RW,2023,1
25991,IS,2023,1
25817,LY,2023,1
24546,MU,2023,1
24084,MT,2023,1
23839,BJ,2023,1
22297,TT,2023,1
22138,AO,2023,1
20975,ZM,2023,1
20479,SO,2023,1
19894,AF,2023,1
18327,MO,2023,1
17766,CD,2023,1
15603,ME,2023,1
15529,LA,2023,1
15224,MZ,2023,1
14875,TG,2023,1
12283,RE,2023,1
12125,XK,2023,1
11108,BW,2023,1
10958,MW,2023,1
10664,MV,2023,1
10464,HT,2023,1
9991,BF,2023,1
9012,BN,2023,1
8937,TJ,2023,1
8625,NA,2023,1
7485,ML,2023,1
6440,BS,2023,1
6316,TM,2023,1
6223,BB,2023,1
5887,SL,2023,1
5648,BT,2023,1
5020,PG,2023,1
4880,MR,2023,1
4797,LR,2023,1
4793,GY,2023,1
4711,SC,2023,1
4709,BZ,2023,1
4643,GN,2023,1
4557,FJ,2023,1
4326,GP,2023,1
4292,GA,2023,1
4018,SR,2023,1
3708,LS,2023,1
3626,NE,2023,1
3513,GM,2023,1
3498,MQ,2023,1
3475,CG,2023,1
3393,CV,2023,1
3361,IM,2023,1
3343,GU,2023,1
3326,BI,2023,1
3009,PF,2023,1
2913,NC,2023,1
2906,AD,2023,1
2869,JE,2023,1
2801,CW,2023,1
2728,SZ,2023,1
2279,KY,2023,1
2261,LC,2023,1
2070,AW,2023,1
1927,BM,2023,1
1872,DJ,2023,1
1790,GF,2023,1
1659,VI,2023,1
1601,ER,2023,1
1599,GD,2023,1
1567,SS,2023,1
1497,MC,2023,1
1477,TD,2023,1
1470,LI,2023,1
1469,GG,2023,1
1459,FO,2023,1
1365,GI,2023,1
1325,AG,2023,1
1118,TL,2023,1
1075,VC,2023,1
1003,AX,2023,1
958,DM,2023,1
915,GL,2023,1
742,YT,2023,1
741,KN,2023,1
693,GQ,2023,1
693,MP,2023,1
693,SM,2023,1
645,SX,2023,1
579,TC,2023,1
554,VU,2023,1
547,VG,2023,1
541,SB,2023,1
407,KM,2023,1
401,AS,2023,1
390,WS,2023,1
370,BQ,2023,1
365,AI,2023,1
311,TO,2023,1
289,GW,2023,1
286,CF,2023,1
254,ST,2023,1
215,FM,2023,1
204,MF,2023,1
188,PW,2023,1
172,MH,2023,1
160,KI,2023,1
136,PM,2023,1
135,CK,2023,1
19338656,US,2023,2
14858245,EU,2023,2
12258702,IN,2023,2
9032875,CN,2023,2
4024727,BR,2023,2
3278228,GB,2023,2
2926677,RU,2023,2
2834959,DE,2023,2
2712048,ID,2023,2
2697353,JP,2023,2
2370776,CA,2023,2
2271129,FR,2023,2
1824580,KR,2023,2
1561463,HK,2023,2
1504115,MX,2023,2
1453100,ES,2023,2
1430601,VN,2023,2
1396972,TR,2023,2
1366384,AU,2023,2
1271474,PH,2023,2
1171106,PL,2023,2
1152279,NL,2023,2
1122708,UA,2023,2
1065048,IT,2023,2
1004140,PK,2023,2
987536,TW,2023,2
943281,SG,2023,2
870966,AR,2023,2
817838,CO,2023,2
805826,BD,2023,2
803463,TH,2023,2
796375,NG,2023,2
737955,EG,2023,2
610668,SE,2023,2
603511,MY,2023,2
537831,IL,2023,2
524447,IR,2023,2
509385,ZA,2023,2
465336,RO,2023,2
452266,SA,2023,2
437457,BE,2023,2
435394,CH,2023,2
425595,PE,2023,2
421084,MA,2023,2
413753,CL,2023,2
391499,PT,2023,2
330524,DK,2023,2
328542,CZ,2023,2
316584,AT,2023,2
303269,NO,2023,2
291618,FI,2023,2
290484,BY,2023,2
288412,IE,2023,2
287709,HU,2023,2
287270,AE,2023,2
276380,KE,2023,2
269741,NZ,2023,2
262954,LK,2023,2
256873,DZ,2023,2
235213,GR,2023,2
220399,TN,2023,2
218220,NP,2023,2
213149,KZ,2023,2
211762,BG,2023,2
205208,RS,2023,2
195414,EC,2023,2
193560,IQ,2023,2
167204,VE,2023,2
154003,UZ,2023,2
143402,GH,2023,2
127197,CR,2023,2
125343,LT,2023,2
119251,SK,2023,2
119237,HR,2023,2
117984,MM,2023,2
110827,GE,2023,2
107162,JO,2023,2
99701,DO,2023,2
98155,BO,2023,2
95788,GT,2023,2
90206,LV,2023,2
89643,AZ,2023,2
87926,UY,2023,2
86107,AM,2023,2
85077,LB,2023,2
84574,KH,2023,2
83920,ET,2023,2
83321,EE,2023,2
72020,SI,2023,2
68424,MD,2023,2
65493,PS,2023,2
65445,SV,2023,2
62183,BA,2023,2
60525,AL,2023,2
58073,KG,2023,2
56922,KW,2023,2
56274,UG,2023,2
54817,CM,2023,2
51170,MK,2023,2
49462,QA,2023,2
48468,YE,2023,2
47382,HN,2023,2
46390,PA,2023,2
45353,TZ,2023,2
45295,CY,2023,2
44326,CI,2023,2
40949,PR,2023,2
40241,PY,2023,2
40126,OM,2023,2
39974,MN,2023,2
38223,SN,2023,2
36906,SY,2023,2
35012,LU,2023,2
34626,ZW,2023,2
33538,CU,2023,2
31654,NI,2023,2
31327,SD,2023,2
31028,JM,2023,2
30105,MG,2023,2
29619,RW,2023,2
29282,BH,2023,2
28208,LY,2023,2
27107,IS,2023,2
26021,MU,2023,2
25934,BJ,2023,2
25615,MT,2023,2
24114,AO,2023,2
23535,TT,2023,2
22853,ZM,2023,2
21904,SO,2023,2
21664,AF,2023,2
19432,MO,2023,2
19364,CD,2023,2
17482,ME,2023,2
16739,LA,2023,2
16488,MZ,2023,2
16053,TG,2023,2
15179,XK,2023,2
12977,RE,2023,2
12064,MW,2023,2
11988,BW,2023,2
11501,MV,2023,2
11070,HT,2023,2
10891,BF,2023,2
9613,TJ,2023,2
9548,BN,2023,2
9315,NA,2023,2
8109,ML,2023,2
7290,SC,2023,2
6726,BS,2023,2
6655,TM,2023,2
6491,BB,2023,2
6232,SL,2023,2
6143,BT,2023,2
5667,PG,2023,2
5399,MR,2023,2
5165,LR,2023,2
5117,GY,2023,2
5019,GN,2023,2
4991,BZ,2023,2
4926,FJ,2023,2
4766,GA,2023,2
4614,GP,2023,2
4330,SR,2023,2
3950,LS,2023,2
3922,NE,2023,2
3910,CG,2023,2
3720,MQ,2023,2
3695,GM,2023,2
3580,CV,2023,2
3572,BI,2023,2
3568,IM,2023,2
3479,GU,2023,2
3183,PF,2023,2
3181,AD,2023,2
3064,NC,2023,2
2966,JE,2023,2
2951,CW,2023,2
2920,SZ,2023,2
2442,KY,2023,2
2406,LC,2023,2
2173,AW,2023,2
2027,DJ,2023,2
1993,BM,2023,2
1908,GF,2023,2
1786,SS,2023,2
1748,VI,2023,2
1686,GD,2023,2
1661,MC,2023,2
1616,TD,2023,2
1577,ER,2023,2
1575,LI,2023,2
1549,GG,2023,2
1510,FO,2023,2
1430,GI,2023,2
1366,AG,2023,2
1213,TL,2023,2
1133,VC,2023,2
1032,AX,2023,2
1010,DM,2023,2
993,GL,2023,2
803,YT,2023,2
781,KN,2023,2
775,GQ,2023,2
744,SM,2023,2
742,MP,2023,2
681,SX,2023,2
619,TC,2023,2
600,VU,2023,2
589,SB,2023,2
570,VG,2023,2
435,AS,2023,2
432,KM,2023,2
423,WS,2023,2
395,BQ,2023,2
382,AI,2023,2
343,GW,2023,2
333,TO,2023,2
317,CF,2023,2
280,ST,2023,2
231,FM,2023,2
216,MF,2023,2
203,PW,2023,2
179,KI,2023,2
179,MH,2023,2
140,PM,2023,2
138,CK,2023,2
123,VA,2023,2
20226711,US,2023,3
15528470,EU,2023,3
13326416,IN,2023,3
9131545,CN,2023,3
4315369,BR,2023,3
3422806,GB,2023,3
3060711,RU,2023,3
2972917,DE,2023,3
2938205,ID,2023,3
2886350,JP,2023,3
2479673,CA,2023,3
2372522,FR,2023,3
1907931,KR,2023,3
1697072,HK,2023,3
1588610,MX,2023,3
1537574,VN,2023,3
1521688,ES,2023,3
1498372,TR,2023,3
1439219,AU,2023,3
1361430,PH,2023,3
1219463,PL,2023,3
1207142,NL,2023,3
1176158,UA,2023,3
1112253,IT,2023,3
1105725,PK,2023,3
1049487,TW,2023,3
1020658,SG,2023,3
945696,BD,2023,3
927049,AR,2023,3
874571,CO,2023,3
872162,NG,2023,3
858245,TH,2023,3
792790,EG,2023,3
636916,MY,2023,3
636330,SE,2023,3
565825,IR,2023,3
561204,IL,2023,3
540586,ZA,2023,3
481930,SA,2023,3
481867,RO,2023,3
458398,PE,2023,3
454427,BE,2023,3
453622,CH,2023,3
448194,MA,2023,3
438505,CL,2023,3
410464,PT,2023,3
344148,DK,2023,3
343417,CZ,2023,3
331849,AT,2023,3
316860,NO,2023,3
308913,AE,2023,3
304883,FI,2023,3
299801,IE,2023,3
298937,HU,2023,3
297656,BY,2023,3
297581,KE,2023,3
282588,LK,2023,3
281586,NZ,2023,3
273534,DZ,2023,3
244973,GR,2023,3
236298,NP,2023,3
231523,TN,2023,3
225654,KZ,2023,3
221792,BG,2023,3
215144,RS,2023,3
208560,EC,2023,3
202936,IQ,2023,3
177624,VE,2023,3
167475,UZ,2023,3
153191,GH,2023,3
133858,CR,2023,3
131440,LT,2023,3
126024,MM,2023,3
124732,SK,2023,3
124212,HR,2023,3
116440,GE,2023,3
115294,JO,2023,3
106058,DO,2023,3
105628,BO,2023,3
102359,GT,2023,3
97249,AZ,2023,3
95951,LV,2023,3
93735,ET,2023,3
93387,UY,2023,3
92864,KH,2023,3
90981,LB,2023,3
90234,AM,2023,3
87150,EE,2023,3
74300,SI,2023,3
72401,MD,2023,3
70577,SV,2023,3
70097,PS,2023,3
64438,BA,2023,3
62709,AL,2023,3
61929,KG,2023,3
60449,KW,2023,3
60371,UG,2023,3
58914,CM,2023,3
54063,YE,2023,3
52990,MK,2023,3
52895,QA,2023,3
50640,HN,2023,3
49409,PA,2023,3
48357,TZ,2023,3
48129,CY,2023,3
47139,CI,2023,3
44701,MN,2023,3
43591,PY,2023,3
43371,OM,2023,3
43090,PR,2023,3
40195,SN,2023,3
39255,SY,2023,3
37132,LU,2023,3
36333,ZW,2023,3
35000,CU,2023,3
34532,NI,2023,3
32489,JM,2023,3
32474,MG,2023,3
32219,SD,2023,3
31819,RW,2023,3
31017,BH,2023,3
30522,LY,2023,3
28383,IS,2023,3
27719,BJ,2023,3
27044,MU,2023,3
26665,AO,2023,3
26551,MT,2023,3
24514,TT,2023,3
24503,ZM,2023,3
23912,AF,2023,3
23560,SO,2023,3
21023,CD,2023,3
20650,MO,2023,3
18660,ME,2023,3
18248,LA,2023,3
18020,MZ,2023,3
17044,TG,2023,3
15643,XK,2023,3
13570,RE,2023,3
13058,MW,2023,3
12780,BW,2023,3
12131,MV,2023,3
11888,BF,2023,3
11666,HT,2023,3
10610,TJ,2023,3
10175,NA,2023,3
10115,BN,2023,3
8740,ML,2023,3
7112,SC,2023,3
6955,BS,2023,3
6772,TM,2023,3
6728,BB,2023,3
6726,SL,2023,3
6701,BT,2023,3
6276,PG,2023,3
5907,MR,2023,3
5516,GN,2023,3
5471,LR,2023,3
5423,GY,2023,3
5305,FJ,2023,3
5282,BZ,2023,3
5189,GA,2023,3
4832,GP,2023,3
4591,SR,2023,3
4410,CG,2023,3
4226,LS,2023,3
4119,NE,2023,3
3912,GM,2023,3
3906,MQ,2023,3
3858,BI,2023,3
3751,CV,2023,3
3746,IM,2023,3
3654,GU,2023,3
3392,AD,2023,3
3344,PF,2023,3
3231,NC,2023,3
3132,SZ,2023,3
3118,JE,2023,3
3048,CW,2023,3
2543,KY,2023,3
2527,LC,2023,3
2263,AW,2023,3
2122,DJ,2023,3
2061,BM,2023,3
2020,SS,2023,3
1989,GF,2023,3
1822,VI,2023,3
1819,TD,2023,3
1778,GD,2023,3
1697,MC,2023,3
1634,LI,2023,3
1633,GG,2023,3
1590,ER,2023,3
1587,FO,2023,3
1493,GI,2023,3
1455,AG,2023,3
1325,TL,2023,3
1218,VC,2023,3
1074,AX,2023,3
1048,GL,2023,3
1043,DM,2023,3
874,YT,2023,3
841,GQ,2023,3
831,KN,2023,3
820,MP,2023,3
776,SM,2023,3
726,SX,2023,3
662,TC,2023,3
631,SB,2023,3
628,VU,2023,3
584,VG,2023,3
466,WS,2023,3
462,AS,2023,3
451,KM,2023,3
423,BQ,2023,3
397,GW,2023,3
387,AI,2023,3
354,TO,2023,3
329,CF,2023,3
299,ST,2023,3
238,FM,2023,3
222,PW,2023,3
219,MF,2023,3
190,KI,2023,3
186,MH,2023,3
157,VA,2023,3
142,CK,2023,3
140,PM,2023,3
21077020,US,2023,4
16336752,EU,2023,4
14211676,IN,2023,4
9274587,CN,2023,4
4532935,BR,2023,4
3595978,GB,2023,4
3209599,RU,2023,4
3134538,DE,2023,4
3119277,ID,2023,4
3053019,JP,2023,4
2597209,CA,2023,4
2501700,FR,2023,4
1983247,KR,2023,4
1827597,HK,2023,4
1672397,MX,2023,4
1617140,VN,2023,4
1612713,ES,2023,4
1581758,TR,2023,4
1498591,AU,2023,4
1451713,PH,2023,4
1283028,PL,2023,4
1260576,NL,2023,4
1244062,UA,2023,4
1192511,PK,2023,4
1176773,IT,2023,4
1106311,TW,2023,4
1091989,SG,2023,4
1073374,BD,2023,4
969604,AR,2023,4
924403,NG,2023,4
920019,CO,2023,4
900719,TH,2023,4
841653,EG,2023,4
679803,MY,2023,4
665114,SE,2023,4
598531,IR,2023,4
579645,IL,2023,4
564536,ZA,2023,4
510284,SA,2023,4
502831,RO,2023,4
487039,PE,2023,4
478096,MA,2023,4
476604,BE,2023,4
475424,CH,2023,4
459555,CL,2023,4
432749,PT,2023,4
363958,CZ,2023,4
358428,DK,2023,4
350282,AT,2023,4
331735,AE,2023,4
329673,NO,2023,4
319853,FI,2023,4
317073,KE,2023,4
314276,IE,2023,4
310935,HU,2023,4
306332,BY,2023,4
301030,LK,2023,4
291726,DZ,2023,4
291133,NZ,2023,4
255187,GR,2023,4
251049,NP,2023,4
245586,TN,2023,4
239638,KZ,2023,4
231344,BG,2023,4
224194,RS,2023,4
221762,EC,2023,4
211049,IQ,2023,4
187079,VE,2023,4
182921,UZ,2023,4
160756,GH,2023,4
139512,CR,2023,4
137505,LT,2023,4
132700,MM,2023,4
130512,SK,2023,4
129473,HR,2023,4
122527,GE,2023,4
122306,JO,2023,4
113392,BO,2023,4
112174,DO,2023,4
107349,GT,2023,4
104714,ET,2023,4
103201,AZ,2023,4
102562,KH,2023,4
101035,LV,2023,4
97024,UY,2023,4
95832,LB,2023,4
93483,AM,2023,4
91613,EE,2023,4
77396,SI,2023,4
76570,MD,2023,4
74405,SV,2023,4
72323,PS,2023,4
67206,BA,2023,4
66306,KG,2023,4
65419,AL,2023,4
64232,UG,2023,4
63137,KW,2023,4
62879,CM,2023,4
59222,YE,2023,4
56207,QA,2023,4
55647,MK,2023,4
53188,HN,2023,4
52219,PA,2023,4
51367,TZ,2023,4
51267,CY,2023,4
50334,CI,2023,4
47717,MN,2023,4
46735,OM,2023,4
46377,PY,2023,4
44967,PR,2023,4
42700,SN,2023,4
41622,SY,2023,4
39150,LU,2023,4
38118,ZW,2023,4
36630,CU,2023,4
36414,NI,2023,4
34796,MG,2023,4
34422,RW,2023,4
34067,JM,2023,4
33198,BH,2023,4
32549,SD,2023,4
31688,LY,2023,4
29856,SO,2023,4
29437,BJ,2023,4
29326,IS,2023,4
29325,AO,2023,4
28228,MU,2023,4
27912,MT,2023,4
25983,ZM,2023,4
25795,AF,2023,4
25457,TT,2023,4
22552,CD,2023,4
22199,MO,2023,4
20037,XK,2023,4
19945,LA,2023,4
19519,ME,2023,4
19302,MZ,2023,4
18183,TG,2023,4
14214,RE,2023,4
13922,MW,2023,4
13457,BW,2023,4
12777,MV,2023,4
12709,BF,2023,4
12350,HT,2023,4
11355,TJ,2023,4
10664,NA,2023,4
10536,BN,2023,4
9363,ML,2023,4
7190,BT,2023,4
7177,BS,2023,4
7162,SL,2023,4
7152,TM,2023,4
6973,BB,2023,4
6785,PG,2023,4
6348,MR,2023,4
6005,SC,2023,4
5970,GN,2023,4
5682,GY,2023,4
5663,LR,2023,4
5575,GA,2023,4
5555,FJ,2023,4
5517,BZ,2023,4
5067,GP,2023,4
4959,CG,2023,4
4847,SR,2023,4
4538,LS,2023,4
4301,NE,2023,4
4119,BI,2023,4
4102,GM,2023,4
4086,MQ,2023,4
3956,CV,2023,4
3943,IM,2023,4
3817,GU,2023,4
3643,AD,2023,4
3456,PF,2023,4
3343,NC,2023,4
3278,JE,2023,4
3269,SZ,2023,4
3108,CW,2023,4
2649,KY,2023,4
2627,LC,2023,4
2442,DJ,2023,4
2386,SS,2023,4
2352,AW,2023,4
2161,BM,2023,4
2115,GF,2023,4
1988,TD,2023,4
1868,VI,2023,4
1840,GD,2023,4
1803,MC,2023,4
1700,LI,2023,4
1675,GG,2023,4
1650,FO,2023,4
1637,ER,2023,4
1600,GI,2023,4
1476,AG,2023,4
1433,TL,2023,4
1260,VC,2023,4
1113,GL,2023,4
1096,AX,2023,4
1083,DM,2023,4
968,GQ,2023,4
914,YT,2023,4
866,KN,2023,4
844,MP,2023,4
793,SM,2023,4
762,SX,2023,4
700,TC,2023,4
657,SB,2023,4
654,VU,2023,4
629,VG,2023,4
495,WS,2023,4
489,AS,2023,4
482,KM,2023,4
433,BQ,2023,4
433,GW,2023,4
401,AI,2023,4
367,TO,2023,4
361,CF,2023,4
313,ST,2023,4
248,FM,2023,4
238,PW,2023,4
226,MF,2023,4
194,KI,2023,4
187,MH,2023,4
146,VA,2023,4
145,PM,2023,4
141,CK,2023,4
