git_pushes,iso2_code,year,quarter
21377653,US,2020,1
17175696,EU,2020,1
5567938,CN,2020,1
4422587,IN,2020,1
3980488,GB,2020,1
3622573,DE,2020,1
2938432,FR,2020,1
2859170,CA,2020,1
2763720,RU,2020,1
2530973,BR,2020,1
2494749,JP,2020,1
2080113,KR,2020,1
1477052,ES,2020,1
1408309,PL,2020,1
1374704,NL,2020,1
1235371,UA,2020,1
1119543,AU,2020,1
902300,IT,2020,1
864589,ID,2020,1
829993,SE,2020,1
741475,HK,2020,1
739518,CH,2020,1
675271,TW,2020,1
629209,VN,2020,1
585100,CO,2020,1
582028,IL,2020,1
581488,SG,2020,1
572711,MX,2020,1
521326,BE,2020,1
492119,NO,2020,1
486550,CZ,2020,1
451942,FI,2020,1
442084,BY,2020,1
437182,AR,2020,1
424198,TR,2020,1
409559,DK,2020,1
376071,AT,2020,1
362749,RO,2020,1
358133,IE,2020,1
348295,TH,2020,1
346515,PT,2020,1
317175,PH,2020,1
295222,BD,2020,1
277372,NZ,2020,1
272248,NG,2020,1
256166,HU,2020,1
241004,ZA,2020,1
235987,PK,2020,1
229840,BG,2020,1
220973,EG,2020,1
193159,GR,2020,1
182388,KE,2020,1
181299,CL,2020,1
174429,RS,2020,1
168110,MY,2020,1
148536,IR,2020,1
144885,LK,2020,1
143807,PE,2020,1
119168,TN,2020,1
117579,NP,2020,1
113246,LT,2020,1
105055,HR,2020,1
99380,MA,2020,1
98778,SK,2020,1
93937,EE,2020,1
88556,EC,2020,1
82177,KZ,2020,1
75354,VE,2020,1
73591,SI,2020,1
72359,AE,2020,1
70834,LV,2020,1
65778,SA,2020,1
65746,CR,2020,1
55000,UY,2020,1
53659,AM,2020,1
51494,DO,2020,1
50932,GT,2020,1
48152,JO,2020,1
45559,MD,2020,1
44033,BA,2020,1
43704,GH,2020,1
42571,DZ,2020,1
42148,MM,2020,1
40367,KG,2020,1
38753,BO,2020,1
37831,UG,2020,1
34849,RW,2020,1
34442,GE,2020,1
33399,UZ,2020,1
33263,LU,2020,1
31410,AZ,2020,1
30408,IS,2020,1
29501,SV,2020,1
29475,MK,2020,1
27612,PS,2020,1
27609,KH,2020,1
26822,HN,2020,1
25121,AL,2020,1
24565,LB,2020,1
22745,MT,2020,1
20695,ET,2020,1
20651,IQ,2020,1
18874,CY,2020,1
17736,CM,2020,1
17487,TZ,2020,1
16034,PY,2020,1
14545,CU,2020,1
14099,PR,2020,1
13276,PA,2020,1
13000,MG,2020,1
13000,SN,2020,1
11968,NI,2020,1
11484,JM,2020,1
9562,KW,2020,1
9442,MU,2020,1
9361,MN,2020,1
8985,CI,2020,1
8444,ME,2020,1
8116,ZW,2020,1
7849,RE,2020,1
7506,QA,2020,1
7487,MO,2020,1
6755,TT,2020,1
6726,SY,2020,1
5482,SD,2020,1
5312,AO,2020,1
4989,TJ,2020,1
4869,ZM,2020,1
4663,MZ,2020,1
4659,BH,2020,1
4382,CD,2020,1
3614,BJ,2020,1
3576,YE,2020,1
3543,OM,2020,1
3448,HT,2020,1
2962,LA,2020,1
2909,MV,2020,1
2594,NC,2020,1
2434,BB,2020,1
2356,LY,2020,1
2277,AF,2020,1
2272,GP,2020,1
2215,BN,2020,1
2016,MW,2020,1
1945,TG,2020,1
1821,BW,2020,1
1767,GA,2020,1
1622,NA,2020,1
1338,SO,2020,1
1285,CV,2020,1
1029,BF,2020,1
704,SL,2020,1
23736592,US,2020,2
19935929,EU,2020,2
7346825,IN,2020,2
6296259,CN,2020,2
4513691,GB,2020,2
4211265,DE,2020,2
3634133,BR,2020,2
3453560,RU,2020,2
3364046,FR,2020,2
3151677,CA,2020,2
2956652,JP,2020,2
2568632,KR,2020,2
1768177,ES,2020,2
1631123,PL,2020,2
1546578,NL,2020,2
1467433,UA,2020,2
1409299,AU,2020,2
1118936,IT,2020,2
1112939,ID,2020,2
1038412,HK,2020,2
920613,VN,2020,2
888822,SE,2020,2
856745,CH,2020,2
842705,TW,2020,2
803902,MX,2020,2
753909,CO,2020,2
744663,AR,2020,2
737223,IL,2020,2
731619,SG,2020,2
607130,BE,2020,2
570416,TR,2020,2
537746,CZ,2020,2
486257,DK,2020,2
476932,NG,2020,2
476574,NO,2020,2
458279,RO,2020,2
449701,FI,2020,2
440526,PT,2020,2
439407,BY,2020,2
429917,AT,2020,2
415181,IE,2020,2
390126,BD,2020,2
389032,PK,2020,2
369416,NZ,2020,2
368282,TH,2020,2
345923,PH,2020,2
339308,EG,2020,2
332131,HU,2020,2
304045,ZA,2020,2
269027,BG,2020,2
265838,CL,2020,2
240367,PE,2020,2
240128,GR,2020,2
231468,MY,2020,2
224575,LK,2020,2
220074,KE,2020,2
200770,RS,2020,2
176080,IR,2020,2
149687,NP,2020,2
134697,MA,2020,2
134417,SK,2020,2
130870,TN,2020,2
130382,LT,2020,2
118889,EC,2020,2
118134,KZ,2020,2
116660,HR,2020,2
112115,EE,2020,2
107400,AE,2020,2
104827,CR,2020,2
96502,SA,2020,2
89131,VE,2020,2
85742,SI,2020,2
77173,UY,2020,2
76233,GT,2020,2
74241,LV,2020,2
64001,DO,2020,2
62979,AM,2020,2
61811,GH,2020,2
61168,DZ,2020,2
58824,BO,2020,2
57844,MD,2020,2
57048,JO,2020,2
54166,IQ,2020,2
52139,SV,2020,2
51434,MM,2020,2
48781,BA,2020,2
45570,UG,2020,2
44315,GE,2020,2
44000,KG,2020,2
43644,UZ,2020,2
39102,MK,2020,2
38458,AZ,2020,2
38088,AL,2020,2
37950,IS,2020,2
35968,LU,2020,2
31574,LB,2020,2
29933,HN,2020,2
29797,KH,2020,2
29632,PS,2020,2
28769,RW,2020,2
27051,MT,2020,2
26728,CM,2020,2
24383,CY,2020,2
23727,PA,2020,2
21415,TZ,2020,2
21310,PR,2020,2
20847,PY,2020,2
19903,KW,2020,2
18893,SN,2020,2
18318,ET,2020,2
15419,CU,2020,2
14371,NI,2020,2
14026,JM,2020,2
13013,CI,2020,2
12480,QA,2020,2
12270,MU,2020,2
12076,TT,2020,2
11500,ZW,2020,2
10881,SY,2020,2
10782,ME,2020,2
10403,MN,2020,2
10356,MO,2020,2
10234,MG,2020,2
9494,RE,2020,2
8605,AO,2020,2
7683,OM,2020,2
7599,SD,2020,2
7455,BH,2020,2
7391,MZ,2020,2
6209,MV,2020,2
6205,CD,2020,2
5329,LA,2020,2
4771,ZM,2020,2
4684,BJ,2020,2
4609,TJ,2020,2
4213,HT,2020,2
3962,YE,2020,2
3937,BN,2020,2
3776,BB,2020,2
3641,NC,2020,2
3614,GP,2020,2
3557,LY,2020,2
3239,JE,2020,2
2960,NA,2020,2
2850,IM,2020,2
2720,MW,2020,2
2643,TG,2020,2
2624,AF,2020,2
2616,BS,2020,2
2449,BW,2020,2
2384,CV,2020,2
2085,GM,2020,2
1993,SO,2020,2
1614,BF,2020,2
1611,BT,2020,2
1115,SL,2020,2
968,MR,2020,2
585,GN,2020,2
22384454,US,2020,3
15705498,EU,2020,3
7832236,IN,2020,3
5590189,CN,2020,3
3872270,GB,2020,3
3746932,BR,2020,3
3666680,DE,2020,3
2959671,RU,2020,3
2936818,JP,2020,3
2845292,KR,2020,3
2788392,CA,2020,3
2422580,FR,2020,3
1404830,AU,2020,3
1265334,UA,2020,3
1239749,NL,2020,3
1221564,PL,2020,3
1204481,ES,2020,3
1171000,HK,2020,3
1035274,ID,2020,3
966644,VN,2020,3
884805,IT,2020,3
792458,TW,2020,3
775557,AR,2020,3
737130,SG,2020,3
735087,CO,2020,3
732946,SE,2020,3
731235,MX,2020,3
687414,CH,2020,3
663086,IL,2020,3
535913,TR,2020,3
506514,BD,2020,3
474316,BE,2020,3
458880,CZ,2020,3
448717,NG,2020,3
448652,NO,2020,3
400280,BY,2020,3
387036,FI,2020,3
380776,PK,2020,3
367946,PH,2020,3
354792,AT,2020,3
353450,NZ,2020,3
340788,DK,2020,3
338525,TH,2020,3
336588,RO,2020,3
330957,PT,2020,3
321162,IE,2020,3
297816,ZA,2020,3
290492,EG,2020,3
283817,CL,2020,3
271434,HU,2020,3
245553,KE,2020,3
233350,PE,2020,3
227244,MY,2020,3
217897,BG,2020,3
212253,GR,2020,3
194379,LK,2020,3
190556,IR,2020,3
172553,NP,2020,3
164226,RS,2020,3
141446,EC,2020,3
112878,CR,2020,3
111369,TN,2020,3
108717,SA,2020,3
108299,HR,2020,3
107202,LT,2020,3
106008,AE,2020,3
104045,KZ,2020,3
101540,MA,2020,3
99390,VE,2020,3
95824,SK,2020,3
93841,UY,2020,3
93315,EE,2020,3
86938,GT,2020,3
77876,LV,2020,3
71134,SI,2020,3
67367,GH,2020,3
63912,DO,2020,3
63130,JO,2020,3
57908,MD,2020,3
57173,MM,2020,3
56607,DZ,2020,3
56492,BO,2020,3
55053,AM,2020,3
49409,UZ,2020,3
49194,SV,2020,3
43942,UG,2020,3
41699,GE,2020,3
40770,AZ,2020,3
39223,BA,2020,3
37919,RW,2020,3
37711,LB,2020,3
35346,PS,2020,3
35177,KG,2020,3
33218,HN,2020,3
33018,KH,2020,3
31484,MK,2020,3
31333,IQ,2020,3
30770,IS,2020,3
29605,LU,2020,3
28311,YE,2020,3
26190,CY,2020,3
24786,CM,2020,3
24086,PA,2020,3
23784,PR,2020,3
22414,AL,2020,3
21427,TZ,2020,3
19244,PY,2020,3
18746,KW,2020,3
17145,MT,2020,3
17087,MG,2020,3
16736,JM,2020,3
16285,ET,2020,3
15157,SN,2020,3
14538,NI,2020,3
14392,CU,2020,3
12894,ZW,2020,3
12587,MO,2020,3
12568,QA,2020,3
12507,SY,2020,3
12172,CI,2020,3
11152,RE,2020,3
11099,AO,2020,3
10496,MU,2020,3
10421,ME,2020,3
10117,MN,2020,3
9536,TT,2020,3
8642,MZ,2020,3
8122,BH,2020,3
7717,SD,2020,3
7318,OM,2020,3
7252,CD,2020,3
5908,BJ,2020,3
5676,ZM,2020,3
5089,TJ,2020,3
4896,LA,2020,3
4167,MV,2020,3
3922,HT,2020,3
3624,JE,2020,3
3386,NA,2020,3
3231,BW,2020,3
3197,TG,2020,3
2854,LY,2020,3
2786,BB,2020,3
2640,NC,2020,3
2577,MW,2020,3
2499,IM,2020,3
2330,BN,2020,3
2305,CV,2020,3
2302,BT,2020,3
2293,AF,2020,3
2112,SL,2020,3
1966,BF,2020,3
1962,SO,2020,3
1506,ML,2020,3
1456,BI,2020,3
1388,BZ,2020,3
1174,GA,2020,3
1162,MR,2020,3
698,GY,2020,3
21752294,US,2020,4
19670932,EU,2020,4
7291401,IN,2020,4
5386337,CN,2020,4
4097759,DE,2020,4
4073732,GB,2020,4
3652708,RU,2020,4
3564724,BR,2020,4
3316719,FR,2020,4
2994468,CA,2020,4
2976522,KR,2020,4
2914353,JP,2020,4
1727480,ES,2020,4
1466610,NL,2020,4
1466290,PL,2020,4
1455265,UA,2020,4
1347948,ID,2020,4
1275408,AU,2020,4
1178354,HK,2020,4
1149175,IT,2020,4
1045583,VN,2020,4
992488,SE,2020,4
874366,TW,2020,4
848814,CH,2020,4
826881,SG,2020,4
807280,MX,2020,4
800292,AR,2020,4
734341,IL,2020,4
705837,CO,2020,4
676414,TR,2020,4
607340,BE,2020,4
604758,NO,2020,4
534704,CZ,2020,4
505384,DK,2020,4
495854,FI,2020,4
475998,BY,2020,4
463426,BD,2020,4
424637,AT,2020,4
409448,PT,2020,4
399255,RO,2020,4
397048,IE,2020,4
395679,PH,2020,4
389724,PK,2020,4
388590,TH,2020,4
359836,NG,2020,4
356688,HU,2020,4
296108,NZ,2020,4
286834,EG,2020,4
277257,CL,2020,4
270853,BG,2020,4
262439,MY,2020,4
260819,GR,2020,4
259241,ZA,2020,4
238358,PE,2020,4
233781,LK,2020,4
219516,IR,2020,4
200384,KE,2020,4
181758,RS,2020,4
149557,TN,2020,4
146981,LT,2020,4
142345,NP,2020,4
136194,HR,2020,4
132705,SK,2020,4
130640,MA,2020,4
128691,KZ,2020,4
121513,EE,2020,4
113750,CR,2020,4
109776,EC,2020,4
107996,AE,2020,4
103109,SA,2020,4
96660,VE,2020,4
91337,UY,2020,4
88815,SI,2020,4
85140,LV,2020,4
83585,GT,2020,4
64097,JO,2020,4
63949,UZ,2020,4
61419,MD,2020,4
60893,MM,2020,4
60683,LB,2020,4
60105,DO,2020,4
58549,GH,2020,4
58223,DZ,2020,4
57751,BO,2020,4
54767,KG,2020,4
51778,GE,2020,4
48340,SV,2020,4
47256,BA,2020,4
46989,RW,2020,4
46037,AM,2020,4
42597,AZ,2020,4
40593,PS,2020,4
39323,UG,2020,4
39075,IS,2020,4
36342,MK,2020,4
33830,LU,2020,4
31609,HN,2020,4
30943,KH,2020,4
29006,AL,2020,4
27687,IQ,2020,4
25857,CY,2020,4
24750,PR,2020,4
24301,CM,2020,4
22122,PA,2020,4
21346,MT,2020,4
20960,PY,2020,4
20878,ET,2020,4
20138,JM,2020,4
17801,TZ,2020,4
17003,NI,2020,4
15668,KW,2020,4
15538,SN,2020,4
14953,CU,2020,4
14892,MN,2020,4
14706,MG,2020,4
14451,QA,2020,4
13467,SY,2020,4
13423,RE,2020,4
12766,MO,2020,4
11579,BH,2020,4
11357,MU,2020,4
10644,ZW,2020,4
9218,OM,2020,4
9136,CI,2020,4
9021,ME,2020,4
8964,SD,2020,4
8865,AO,2020,4
8655,TT,2020,4
8436,YE,2020,4
7211,TJ,2020,4
6993,ZM,2020,4
6825,MZ,2020,4
6432,CD,2020,4
6092,BJ,2020,4
5249,LA,2020,4
4882,BN,2020,4
4843,MV,2020,4
3756,HT,2020,4
3630,NC,2020,4
3573,BB,2020,4
3443,AF,2020,4
3373,BT,2020,4
3257,LY,2020,4
3100,NA,2020,4
3047,MW,2020,4
2986,GP,2020,4
2895,BF,2020,4
2866,BW,2020,4
2826,SO,2020,4
2570,TG,2020,4
2361,BZ,2020,4
2305,IM,2020,4
2305,SL,2020,4
2004,CV,2020,4
1811,BS,2020,4
1519,LR,2020,4
1501,ML,2020,4
1264,BI,2020,4
1100,MR,2020,4
1022,GY,2020,4
943,TM,2020,4
22731866,US,2021,1
21154432,EU,2021,1
7080138,IN,2021,1
4986645,CN,2021,1
4616177,GB,2021,1
4509036,DE,2021,1
4013438,BR,2021,1
3633785,RU,2021,1
3529009,FR,2021,1
3492171,KR,2021,1
3373683,CA,2021,1
3051805,JP,2021,1
1844913,ES,2021,1
1594133,PL,2021,1
1568611,NL,2021,1
1530375,UA,2021,1
1364049,ID,2021,1
1340108,HK,2021,1
1313376,IT,2021,1
1248290,AU,2021,1
991082,SE,2021,1
922800,TW,2021,1
901069,VN,2021,1
858400,TR,2021,1
853284,CH,2021,1
828908,MX,2021,1
768070,SG,2021,1
754075,IL,2021,1
699743,CO,2021,1
679915,AR,2021,1
626305,BE,2021,1
617631,BD,2021,1
578372,CZ,2021,1
569431,NO,2021,1
545754,BY,2021,1
511903,FI,2021,1
486211,PT,2021,1
461825,AT,2021,1
457531,DK,2021,1
440786,IE,2021,1
439880,RO,2021,1
438053,TH,2021,1
432585,PH,2021,1
392588,PK,2021,1
385057,NG,2021,1
375518,EG,2021,1
358117,HU,2021,1
334279,BG,2021,1
309119,NZ,2021,1
280025,GR,2021,1
272391,ZA,2021,1
268844,MY,2021,1
243093,CL,2021,1
238068,KE,2021,1
232459,PE,2021,1
227874,IR,2021,1
215903,LK,2021,1
202837,RS,2021,1
180763,MA,2021,1
166320,TN,2021,1
151440,KZ,2021,1
149795,LT,2021,1
145825,NP,2021,1
145712,SK,2021,1
134533,HR,2021,1
133343,EC,2021,1
118618,VE,2021,1
117170,AE,2021,1
113419,JO,2021,1
110311,EE,2021,1
105061,SA,2021,1
102173,LV,2021,1
101218,CR,2021,1
88816,SI,2021,1
88791,UY,2021,1
87135,UZ,2021,1
78474,BA,2021,1
77336,GT,2021,1
67004,AM,2021,1
66536,DO,2021,1
65415,MD,2021,1
63988,GH,2021,1
63711,GE,2021,1
59438,LB,2021,1
56869,KG,2021,1
56173,DZ,2021,1
53767,AZ,2021,1
52203,ET,2021,1
50981,BO,2021,1
42271,RW,2021,1
40298,SV,2021,1
39144,LU,2021,1
38884,PS,2021,1
38854,MK,2021,1
37344,IS,2021,1
36337,IQ,2021,1
35675,HN,2021,1
35587,PR,2021,1
33691,UG,2021,1
33487,AL,2021,1
33327,KH,2021,1
32835,MM,2021,1
31341,CY,2021,1
27472,CM,2021,1
27213,MT,2021,1
23129,TZ,2021,1
21877,SN,2021,1
20213,PA,2021,1
19632,PY,2021,1
18476,NI,2021,1
17212,CU,2021,1
16501,MN,2021,1
16270,KW,2021,1
16041,JM,2021,1
15939,QA,2021,1
15291,SY,2021,1
15146,MG,2021,1
14792,MU,2021,1
14577,BH,2021,1
13773,RE,2021,1
12656,MO,2021,1
12169,ZW,2021,1
12015,CI,2021,1
11098,ME,2021,1
10401,AO,2021,1
9798,OM,2021,1
9786,SD,2021,1
8660,TT,2021,1
7739,MZ,2021,1
7573,CD,2021,1
7397,NA,2021,1
6919,TJ,2021,1
6634,YE,2021,1
6467,ZM,2021,1
5880,BJ,2021,1
5612,HT,2021,1
5234,LA,2021,1
4979,AF,2021,1
4627,JE,2021,1
4627,LY,2021,1
4542,BN,2021,1
4343,BW,2021,1
4238,BB,2021,1
4165,IM,2021,1
4086,MV,2021,1
3809,NC,2021,1
3145,BT,2021,1
3075,SO,2021,1
3045,TG,2021,1
2893,GP,2021,1
2847,MW,2021,1
2638,CV,2021,1
2513,AD,2021,1
2265,PF,2021,1
2210,BF,2021,1
2178,SL,2021,1
2132,ER,2021,1
1799,MQ,2021,1
1758,BS,2021,1
1492,BZ,2021,1
1455,ML,2021,1
1413,MR,2021,1
1327,LR,2021,1
1299,GM,2021,1
1170,GA,2021,1
1065,PG,2021,1
938,GN,2021,1
21827012,US,2021,2
21265233,EU,2021,2
9840045,IN,2021,2
4832491,BR,2021,2
4473869,DE,2021,2
4397483,CN,2021,2
4258700,GB,2021,2
3978131,KR,2021,2
3934453,RU,2021,2
3582179,FR,2021,2
3185159,CA,2021,2
3134871,JP,2021,2
1954129,ES,2021,2
1750733,HK,2021,2
1661001,PL,2021,2
1584501,UA,2021,2
1563283,NL,2021,2
1493303,ID,2021,2
1389212,AU,2021,2
1356617,VN,2021,2
1277577,IT,2021,2
1096382,TW,2021,2
1004178,SE,2021,2
1002170,AR,2021,2
974157,MX,2021,2
953241,SG,2021,2
927307,TR,2021,2
885754,CH,2021,2
826528,CO,2021,2
780462,IL,2021,2
617469,BD,2021,2
611398,BE,2021,2
564099,NO,2021,2
555080,CZ,2021,2
552883,BY,2021,2
527348,DK,2021,2
514830,PH,2021,2
490560,PT,2021,2
480972,FI,2021,2
477095,RO,2021,2
473239,NG,2021,2
469927,PK,2021,2
466379,AT,2021,2
457731,TH,2021,2
448949,EG,2021,2
441833,IE,2021,2
363158,NZ,2021,2
347705,CL,2021,2
330731,HU,2021,2
329917,ZA,2021,2
310773,PE,2021,2
296314,KE,2021,2
296213,LK,2021,2
293762,MY,2021,2
291319,BG,2021,2
272533,GR,2021,2
251212,IR,2021,2
210882,NP,2021,2
203567,RS,2021,2
188134,MA,2021,2
185264,TN,2021,2
176693,JO,2021,2
151933,LT,2021,2
147595,KZ,2021,2
143030,SK,2021,2
138486,EC,2021,2
138350,CR,2021,2
137959,HR,2021,2
133593,AE,2021,2
118059,SA,2021,2
115734,VE,2021,2
112841,EE,2021,2
111150,GT,2021,2
109228,UY,2021,2
106326,UZ,2021,2
84211,LV,2021,2
83214,SI,2021,2
82174,GH,2021,2
77529,AM,2021,2
75699,BO,2021,2
74472,LB,2021,2
73007,DO,2021,2
69177,GE,2021,2
66448,KG,2021,2
64608,BA,2021,2
63988,IQ,2021,2
63427,DZ,2021,2
61955,AZ,2021,2
60536,ET,2021,2
60192,MD,2021,2
52919,SV,2021,2
43027,MK,2021,2
42239,RW,2021,2
42047,UG,2021,2
39753,IS,2021,2
38974,KH,2021,2
38655,LU,2021,2
38130,PS,2021,2
36801,HN,2021,2
35086,AL,2021,2
34627,PR,2021,2
33793,CM,2021,2
28023,TZ,2021,2
27795,CY,2021,2
27333,MM,2021,2
24459,PA,2021,2
24131,MT,2021,2
23025,SN,2021,2
21566,CU,2021,2
21381,PY,2021,2
19860,NI,2021,2
19271,SY,2021,2
18794,QA,2021,2
18574,KW,2021,2
18150,JM,2021,2
17934,MN,2021,2
17685,MU,2021,2
16782,MG,2021,2
16739,ZW,2021,2
14910,BH,2021,2
13626,RE,2021,2
13564,AO,2021,2
13488,CI,2021,2
13438,ME,2021,2
13251,TT,2021,2
13070,OM,2021,2
12009,MO,2021,2
10452,ZM,2021,2
9464,TJ,2021,2
9160,MZ,2021,2
9039,CD,2021,2
8848,BJ,2021,2
8723,SD,2021,2
8128,BN,2021,2
7311,YE,2021,2
6922,BW,2021,2
6549,LA,2021,2
6255,AF,2021,2
5943,HT,2021,2
5557,NA,2021,2
5104,MV,2021,2
4356,MW,2021,2
4307,BT,2021,2
4210,NC,2021,2
4070,JE,2021,2
3930,LY,2021,2
3914,IM,2021,2
3853,BB,2021,2
3789,CV,2021,2
3632,PF,2021,2
3555,LR,2021,2
3420,SO,2021,2
3180,TG,2021,2
3130,GP,2021,2
2632,BF,2021,2
2469,BZ,2021,2
2460,SL,2021,2
2222,BS,2021,2
2121,GN,2021,2
1932,BI,2021,2
1748,ML,2021,2
1721,MR,2021,2
1480,ER,2021,2
1426,AD,2021,2
1294,TM,2021,2
1115,GM,2021,2
1072,PG,2021,2
934,LS,2021,2
19828529,US,2021,3
16977850,EU,2021,3
9768364,IN,2021,3
4946212,BR,2021,3
4210908,KR,2021,3
4193052,CN,2021,3
3906973,DE,2021,3
3872936,GB,2021,3
3605769,RU,2021,3
3077743,JP,2021,3
2775711,CA,2021,3
2758044,FR,2021,3
1849260,HK,2021,3
1574819,ID,2021,3
1527575,UA,2021,3
1512570,AU,2021,3
1394290,VN,2021,3
1359940,ES,2021,3
1269696,NL,2021,3
1243129,PL,2021,3
1054099,AR,2021,3
1043822,IT,2021,3
1020854,TW,2021,3
1004287,SG,2021,3
885658,MX,2021,3
867496,BD,2021,3
851498,CO,2021,3
794468,TR,2021,3
744413,SE,2021,3
722211,IL,2021,3
720061,CH,2021,3
556379,NG,2021,3
528265,BY,2021,3
517416,PH,2021,3
493800,PK,2021,3
486359,BE,2021,3
464607,TH,2021,3
457126,CZ,2021,3
453123,NO,2021,3
438725,EG,2021,3
403465,FI,2021,3
389639,NZ,2021,3
375524,IE,2021,3
368413,LK,2021,3
363101,RO,2021,3
362679,AT,2021,3
362631,DK,2021,3
362279,PT,2021,3
361072,ZA,2021,3
348862,KE,2021,3
315736,PE,2021,3
314655,IR,2021,3
314289,MY,2021,3
300908,CL,2021,3
267262,HU,2021,3
264891,BG,2021,3
231738,GR,2021,3
201290,NP,2021,3
179340,RS,2021,3
165774,EC,2021,3
163026,JO,2021,3
154756,TN,2021,3
153318,MA,2021,3
148684,AE,2021,3
132388,HR,2021,3
131032,SA,2021,3
127627,ET,2021,3
124832,UZ,2021,3
123339,LT,2021,3
122496,SK,2021,3
119638,KZ,2021,3
118082,UY,2021,3
116965,VE,2021,3
107217,CR,2021,3
96198,GT,2021,3
94148,EE,2021,3
92450,GH,2021,3
86665,LV,2021,3
76471,DZ,2021,3
75840,AM,2021,3
72626,GE,2021,3
72421,SI,2021,3
70388,DO,2021,3
68199,BO,2021,3
63485,AZ,2021,3
62514,IQ,2021,3
59477,BA,2021,3
59314,UG,2021,3
56803,MD,2021,3
54974,KG,2021,3
50699,SV,2021,3
45173,LB,2021,3
42838,CM,2021,3
42187,RW,2021,3
42119,MM,2021,3
40347,PS,2021,3
39826,HN,2021,3
38747,KH,2021,3
34581,LU,2021,3
34077,MK,2021,3
30566,TZ,2021,3
30130,PR,2021,3
28396,CY,2021,3
27880,IS,2021,3
27724,PY,2021,3
27063,AL,2021,3
24395,CU,2021,3
23748,PA,2021,3
23547,SN,2021,3
21718,SY,2021,3
21155,NI,2021,3
20344,MT,2021,3
19131,ZW,2021,3
18413,MG,2021,3
16942,JM,2021,3
16763,QA,2021,3
15974,AO,2021,3
15893,CI,2021,3
15664,KW,2021,3
15335,BJ,2021,3
14072,ZM,2021,3
13845,MU,2021,3
13743,RE,2021,3
12693,MN,2021,3
11984,MO,2021,3
11842,BH,2021,3
11807,OM,2021,3
10603,MZ,2021,3
10525,TT,2021,3
10044,ME,2021,3
9902,SD,2021,3
9792,YE,2021,3
9720,CD,2021,3
7438,TJ,2021,3
7004,MW,2021,3
6868,AF,2021,3
6496,LA,2021,3
5392,BW,2021,3
5367,HT,2021,3
4668,LY,2021,3
4615,MV,2021,3
4482,SO,2021,3
4167,ER,2021,3
4138,TG,2021,3
4059,BN,2021,3
3816,JE,2021,3
3768,NC,2021,3
3688,SL,2021,3
3658,NA,2021,3
3339,CV,2021,3
3333,BB,2021,3
3290,AD,2021,3
3246,GP,2021,3
2999,MQ,2021,3
2825,IM,2021,3
2605,BF,2021,3
2429,BI,2021,3
2423,ML,2021,3
2284,GN,2021,3
2276,LS,2021,3
2246,BZ,2021,3
2244,BT,2021,3
2145,TM,2021,3
2141,LR,2021,3
1660,GM,2021,3
1565,BS,2021,3
1325,MR,2021,3
1324,PG,2021,3
1304,GY,2021,3
1140,GA,2021,3
784,FJ,2021,3
710,CG,2021,3
21495838,US,2021,4
21472016,EU,2021,4
8891597,IN,2021,4
4787766,BR,2021,4
4527452,RU,2021,4
4411751,DE,2021,4
4285652,KR,2021,4
4244797,GB,2021,4
3722427,CN,2021,4
3554191,FR,2021,4
3268760,CA,2021,4
2975459,JP,2021,4
1988638,ID,2021,4
1987165,ES,2021,4
1861038,UA,2021,4
1846260,HK,2021,4
1631704,VN,2021,4
1606152,NL,2021,4
1562846,PL,2021,4
1355557,AU,2021,4
1319396,IT,2021,4
1165032,AR,2021,4
1118045,SG,2021,4
1047996,TW,2021,4
1037743,SE,2021,4
979483,MX,2021,4
963081,CO,2021,4
927435,CH,2021,4
885515,TR,2021,4
826862,IL,2021,4
721604,BD,2021,4
638470,BY,2021,4
638349,BE,2021,4
610978,NO,2021,4
589288,DK,2021,4
562132,CZ,2021,4
555652,FI,2021,4
522972,PH,2021,4
517595,PK,2021,4
512428,NG,2021,4
501857,TH,2021,4
463475,AT,2021,4
461799,RO,2021,4
456143,PT,2021,4
441769,EG,2021,4
437648,IE,2021,4
373029,HU,2021,4
352433,PE,2021,4
338229,NZ,2021,4
325208,IR,2021,4
322887,BG,2021,4
322789,MY,2021,4
320824,ZA,2021,4
309456,LK,2021,4
302282,CL,2021,4
301488,KE,2021,4
257324,GR,2021,4
209342,RS,2021,4
208097,TN,2021,4
200511,MA,2021,4
191555,SA,2021,4
170251,NP,2021,4
157119,LT,2021,4
152605,UZ,2021,4
150122,SK,2021,4
142696,KZ,2021,4
142410,AE,2021,4
142238,HR,2021,4
134101,EC,2021,4
132775,EE,2021,4
124363,UY,2021,4
119987,CR,2021,4
111742,VE,2021,4
99387,JO,2021,4
96885,LV,2021,4
96132,SI,2021,4
95916,GH,2021,4
83194,ET,2021,4
80888,GT,2021,4
78995,AZ,2021,4
77214,KG,2021,4
75414,GE,2021,4
73891,BO,2021,4
73276,AM,2021,4
72449,DO,2021,4
70545,DZ,2021,4
65420,MD,2021,4
60734,IQ,2021,4
53703,SV,2021,4
53537,BA,2021,4
53008,LB,2021,4
50157,UG,2021,4
44470,MK,2021,4
42491,IS,2021,4
41882,CM,2021,4
41667,RW,2021,4
41611,MM,2021,4
39584,LU,2021,4
38957,KH,2021,4
35609,CY,2021,4
35276,PS,2021,4
34144,HN,2021,4
32304,PR,2021,4
31387,AL,2021,4
28178,SN,2021,4
27327,PA,2021,4
25471,TZ,2021,4
24582,MT,2021,4
24193,NI,2021,4
23507,JM,2021,4
21878,PY,2021,4
21586,CU,2021,4
19915,MU,2021,4
19785,MN,2021,4
19465,SY,2021,4
17721,KW,2021,4
16771,CI,2021,4
16684,ZW,2021,4
16566,MG,2021,4
15771,AO,2021,4
15674,QA,2021,4
14469,MO,2021,4
13329,BH,2021,4
13248,ZM,2021,4
13095,BJ,2021,4
11965,OM,2021,4
11324,TT,2021,4
10743,MZ,2021,4
10713,RE,2021,4
10391,ME,2021,4
10234,CD,2021,4
8478,YE,2021,4
7620,AF,2021,4
7600,TJ,2021,4
7191,SD,2021,4
6539,MW,2021,4
6066,SO,2021,4
5678,LA,2021,4
5161,HT,2021,4
4929,BN,2021,4
4781,MV,2021,4
4743,TG,2021,4
4719,ML,2021,4
4486,BW,2021,4
4307,LY,2021,4
4031,NA,2021,4
3751,BZ,2021,4
3616,JE,2021,4
3610,GP,2021,4
3555,LR,2021,4
3387,SL,2021,4
3131,NC,2021,4
3064,BF,2021,4
3005,AD,2021,4
2921,BT,2021,4
2912,BI,2021,4
2859,BB,2021,4
2810,TM,2021,4
2600,CV,2021,4
2148,IM,2021,4
2129,BS,2021,4
1862,GA,2021,4
1742,GY,2021,4
1741,GN,2021,4
1666,SC,2021,4
1649,GM,2021,4
1142,LS,2021,4
1043,SZ,2021,4
1032,MR,2021,4
978,FJ,2021,4
716,CG,2021,4
23987664,US,2022,1
23545057,EU,2022,1
10426681,IN,2022,1
5216937,BR,2022,1
4924329,DE,2022,1
4830374,GB,2022,1
4771878,KR,2022,1
4327541,RU,2022,1
4087268,FR,2022,1
3777126,CA,2022,1
3137898,JP,2022,1
2933244,CN,2022,1
2316942,HK,2022,1
2172257,ES,2022,1
1947970,ID,2022,1
1751941,PL,2022,1
1658322,NL,2022,1
1534130,IT,2022,1
1511670,UA,2022,1
1377410,AU,2022,1
1356595,VN,2022,1
1154993,TR,2022,1
1109691,SG,2022,1
1101808,NG,2022,1
1097847,TW,2022,1
1091007,AR,2022,1
1082739,SE,2022,1
1056651,MX,2022,1
956063,CH,2022,1
951775,BD,2022,1
867588,IL,2022,1
824557,CO,2022,1
680520,KE,2022,1
648977,BE,2022,1
631629,NO,2022,1
626206,CZ,2022,1
625103,BY,2022,1
596866,PH,2022,1
570533,PK,2022,1
570116,FI,2022,1
560254,DK,2022,1
543137,PT,2022,1
531800,EG,2022,1
523668,AT,2022,1
511943,TH,2022,1
484124,RO,2022,1
423588,IE,2022,1
378034,HU,2022,1
351700,BG,2022,1
338124,NZ,2022,1
335784,IR,2022,1
334514,ZA,2022,1
327709,MY,2022,1
321555,ET,2022,1
313282,PE,2022,1
293268,CL,2022,1
289783,GR,2022,1
279872,LK,2022,1
243255,MA,2022,1
229680,RS,2022,1
227875,NP,2022,1
197700,TN,2022,1
196223,UZ,2022,1
178900,EC,2022,1
168273,AE,2022,1
166298,LT,2022,1
160784,GH,2022,1
158466,HR,2022,1
154874,SK,2022,1
141964,KZ,2022,1
140846,SA,2022,1
133125,UY,2022,1
131567,VE,2022,1
129041,EE,2022,1
108513,LV,2022,1
108277,SI,2022,1
101803,JO,2022,1
95649,GE,2022,1
93829,CR,2022,1
91633,AZ,2022,1
87379,KG,2022,1
86847,GT,2022,1
84631,AM,2022,1
83156,DZ,2022,1
80423,RW,2022,1
75481,UG,2022,1
72920,DO,2022,1
65970,MD,2022,1
63860,BA,2022,1
61196,BO,2022,1
56835,CM,2022,1
56346,IQ,2022,1
55796,LB,2022,1
54033,PS,2022,1
48639,MM,2022,1
48021,SV,2022,1
45904,MK,2022,1
43357,CY,2022,1
43165,KH,2022,1
42578,HN,2022,1
41938,PR,2022,1
39162,AL,2022,1
38806,LU,2022,1
37124,IS,2022,1
35673,TZ,2022,1
35038,CI,2022,1
31979,SN,2022,1
30971,CU,2022,1
29583,MG,2022,1
26852,MT,2022,1
25539,PY,2022,1
25364,NI,2022,1
25103,PA,2022,1
24586,KW,2022,1
23725,ZW,2022,1
23373,MN,2022,1
23053,MU,2022,1
22402,SY,2022,1
22238,BJ,2022,1
19455,QA,2022,1
19454,JM,2022,1
18716,ZM,2022,1
17031,AO,2022,1
16006,MO,2022,1
15254,RE,2022,1
15230,YE,2022,1
14502,BH,2022,1
14414,SD,2022,1
14002,TT,2022,1
13947,OM,2022,1
13785,ME,2022,1
12189,TJ,2022,1
12034,XK,2022,1
12019,MZ,2022,1
11563,CD,2022,1
10627,AF,2022,1
10526,TG,2022,1
9189,SO,2022,1
9132,BN,2022,1
8408,MW,2022,1
7774,NA,2022,1
7078,BW,2022,1
6317,LA,2022,1
6042,SL,2022,1
5251,BF,2022,1
5108,ER,2022,1
5085,ML,2022,1
4583,AD,2022,1
4464,HT,2022,1
4315,MV,2022,1
4293,SC,2022,1
4149,BT,2022,1
3925,NC,2022,1
3874,LY,2022,1
3848,BI,2022,1
3626,MQ,2022,1
3602,BZ,2022,1
3518,BB,2022,1
3074,CV,2022,1
3060,BS,2022,1
3029,GP,2022,1
2857,PF,2022,1
2739,JE,2022,1
2705,TM,2022,1
2631,IM,2022,1
2575,NE,2022,1
2346,SR,2022,1
2175,MR,2022,1
2145,LR,2022,1
2045,GY,2022,1
2018,GA,2022,1
1819,GM,2022,1
1670,SZ,2022,1
1411,GN,2022,1
1273,LS,2022,1
686,CG,2022,1
24208219,EU,2022,2
24092826,US,2022,2
10434962,IN,2022,2
6264236,BR,2022,2
5149128,KR,2022,2
4857243,DE,2022,2
4715210,RU,2022,2
4654359,GB,2022,2
3999987,FR,2022,2
3523922,CA,2022,2
3321876,JP,2022,2
3058385,HK,2022,2
2994154,CN,2022,2
2267650,ES,2022,2
2020454,ID,2022,2
1971422,PL,2022,2
1899451,NG,2022,2
1790603,VN,2022,2
1777091,NL,2022,2
1728442,UA,2022,2
1657122,AR,2022,2
1572949,IT,2022,2
1510419,AU,2022,2
1274804,TR,2022,2
1273440,TW,2022,2
1229609,MX,2022,2
1188460,SG,2022,2
1061068,SE,2022,2
1055713,KE,2022,2
1041835,CH,2022,2
989405,CO,2022,2
917662,IL,2022,2
841838,BD,2022,2
722183,EG,2022,2
685434,BE,2022,2
685061,PH,2022,2
664862,BY,2022,2
650812,CZ,2022,2
648794,DK,2022,2
611486,PT,2022,2
603961,NO,2022,2
582099,PK,2022,2
581240,ET,2022,2
544952,FI,2022,2
541922,AT,2022,2
520977,TH,2022,2
520472,RO,2022,2
511432,ZA,2022,2
424138,PE,2022,2
414264,BG,2022,2
409196,IE,2022,2
407404,CL,2022,2
376680,NZ,2022,2
368763,HU,2022,2
355711,IR,2022,2
346636,MY,2022,2
336075,LK,2022,2
314104,GR,2022,2
278401,RS,2022,2
256559,MA,2022,2
247035,NP,2022,2
242111,GH,2022,2
220460,UZ,2022,2
214707,TN,2022,2
200519,GE,2022,2
195201,LT,2022,2
192475,KZ,2022,2
189727,UY,2022,2
179759,EC,2022,2
176788,AE,2022,2
166060,HR,2022,2
160297,SK,2022,2
140966,SA,2022,2
140248,VE,2022,2
138568,AM,2022,2
127751,EE,2022,2
127221,CR,2022,2
110542,LV,2022,2
107558,AZ,2022,2
107102,RW,2022,2
105832,GT,2022,2
103861,JO,2022,2
101532,SI,2022,2
95646,KG,2022,2
92743,DZ,2022,2
92405,BO,2022,2
88364,UG,2022,2
84343,DO,2022,2
74285,CM,2022,2
70913,LB,2022,2
69699,MD,2022,2
66791,BA,2022,2
66735,IQ,2022,2
63733,SV,2022,2
61186,CY,2022,2
60459,PS,2022,2
57418,AL,2022,2
52485,MM,2022,2
48403,KH,2022,2
47828,TZ,2022,2
47447,MK,2022,2
44447,PR,2022,2
41648,CU,2022,2
40781,LU,2022,2
39129,SN,2022,2
37372,IS,2022,2
36810,HN,2022,2
35615,CI,2022,2
33318,ZW,2022,2
32058,MG,2022,2
31275,BJ,2022,2
31104,SY,2022,2
31027,PA,2022,2
30922,PY,2022,2
28397,NI,2022,2
27260,MT,2022,2
24885,ME,2022,2
24848,MN,2022,2
24455,ZM,2022,2
22437,JM,2022,2
20449,QA,2022,2
20433,MU,2022,2
20163,MO,2022,2
18309,AO,2022,2
18203,TG,2022,2
18142,KW,2022,2
17347,YE,2022,2
17154,CD,2022,2
15865,TT,2022,2
15724,MW,2022,2
15358,AF,2022,2
14263,RE,2022,2
13699,MZ,2022,2
13650,OM,2022,2
13349,BH,2022,2
13259,SD,2022,2
12772,SO,2022,2
11466,BW,2022,2
9437,TJ,2022,2
9380,XK,2022,2
8787,SL,2022,2
8175,LA,2022,2
7050,MV,2022,2
6195,MQ,2022,2
5992,BF,2022,2
5934,LY,2022,2
5920,SC,2022,2
5859,BN,2022,2
5529,LR,2022,2
5305,HT,2022,2
4976,BI,2022,2
4922,NA,2022,2
4466,ML,2022,2
4286,BB,2022,2
4083,IM,2022,2
4009,BZ,2022,2
3971,GM,2022,2
3697,CV,2022,2
3633,NC,2022,2
3496,BT,2022,2
3426,BS,2022,2
3294,AD,2022,2
3224,LS,2022,2
3216,GP,2022,2
3185,TM,2022,2
2920,ER,2022,2
2599,GA,2022,2
2598,NE,2022,2
2512,PF,2022,2
2356,SZ,2022,2
2346,SR,2022,2
2314,MR,2022,2
2169,GY,2022,2
1830,GN,2022,2
1165,CG,2022,2
951,TD,2022,2
22823129,US,2022,3
21260407,EU,2022,3
12181573,IN,2022,3
6514861,BR,2022,3
5389573,KR,2022,3
4775836,DE,2022,3
4538662,GB,2022,3
4354476,RU,2022,3
3514439,NG,2022,3
3381734,FR,2022,3
3313772,JP,2022,3
3246580,CA,2022,3
3108930,CN,2022,3
2820249,HK,2022,3
2077062,ID,2022,3
1958504,UA,2022,3
1787004,AR,2022,3
1777970,ES,2022,3
1730310,PL,2022,3
1668071,VN,2022,3
1581899,AU,2022,3
1558975,NL,2022,3
1369276,IT,2022,3
1329016,TR,2022,3
1283466,KE,2022,3
1282716,SG,2022,3
1170835,BD,2022,3
1158423,TW,2022,3
1065160,MX,2022,3
1043908,CO,2022,3
921195,CH,2022,3
886784,SE,2022,3
855809,IL,2022,3
789779,EG,2022,3
755331,PK,2022,3
681845,PH,2022,3
626848,ZA,2022,3
584787,BY,2022,3
584507,CZ,2022,3
583017,TH,2022,3
566386,NO,2022,3
553151,BE,2022,3
546823,ET,2022,3
526546,PT,2022,3
479119,AT,2022,3
474442,DK,2022,3
464431,FI,2022,3
442402,RO,2022,3
424187,IR,2022,3
402837,NZ,2022,3
399822,PE,2022,3
391877,IE,2022,3
390298,BG,2022,3
379310,CL,2022,3
362587,LK,2022,3
350335,MY,2022,3
320119,HU,2022,3
316045,GH,2022,3
267075,NP,2022,3
263579,GR,2022,3
250367,MA,2022,3
247168,RS,2022,3
227791,UZ,2022,3
209992,UY,2022,3
202453,GE,2022,3
201090,EC,2022,3
186473,AE,2022,3
186440,TN,2022,3
173119,SA,2022,3
171653,KZ,2022,3
161434,LT,2022,3
161346,VE,2022,3
147442,HR,2022,3
146629,UG,2022,3
143905,SK,2022,3
132672,AM,2022,3
129363,CR,2022,3
112480,EE,2022,3
109059,AZ,2022,3
106998,RW,2022,3
105348,GT,2022,3
103249,IQ,2022,3
102135,JO,2022,3
100613,LV,2022,3
97249,DZ,2022,3
93314,CM,2022,3
87883,KG,2022,3
86859,DO,2022,3
85849,SI,2022,3
83217,BO,2022,3
82722,LB,2022,3
74177,MD,2022,3
71838,CY,2022,3
71732,PS,2022,3
67948,KH,2022,3
61614,SV,2022,3
59529,MM,2022,3
55396,BA,2022,3
49379,TZ,2022,3
46679,SN,2022,3
44172,AL,2022,3
42867,HN,2022,3
41792,MK,2022,3
41394,LU,2022,3
40996,CI,2022,3
40795,ZW,2022,3
38016,MG,2022,3
36215,CU,2022,3
35541,PR,2022,3
33927,BJ,2022,3
33368,PY,2022,3
32701,PA,2022,3
32443,ME,2022,3
31876,SY,2022,3
29810,IS,2022,3
28661,TG,2022,3
28308,NI,2022,3
28056,ZM,2022,3
27313,MW,2022,3
24445,CD,2022,3
24096,MT,2022,3
23799,MN,2022,3
21998,KW,2022,3
21775,AF,2022,3
20844,JM,2022,3
20274,QA,2022,3
19338,SD,2022,3
19085,AO,2022,3
19028,MU,2022,3
18346,YE,2022,3
17480,MZ,2022,3
14397,OM,2022,3
13699,MO,2022,3
13695,RE,2022,3
13253,SO,2022,3
10859,BH,2022,3
10658,TJ,2022,3
10475,TT,2022,3
9490,LY,2022,3
9489,SL,2022,3
8860,HT,2022,3
8425,ML,2022,3
8284,NA,2022,3
8168,BF,2022,3
7731,XK,2022,3
7124,SC,2022,3
6899,BW,2022,3
6874,LA,2022,3
6874,LS,2022,3
6309,MV,2022,3
5925,LR,2022,3
5783,GM,2022,3
5066,BI,2022,3
5021,BS,2022,3
4349,TM,2022,3
4131,MQ,2022,3
4015,BZ,2022,3
3936,BT,2022,3
3933,AD,2022,3
3747,BB,2022,3
3662,BN,2022,3
3519,CV,2022,3
3512,GA,2022,3
3248,GP,2022,3
2776,SZ,2022,3
2653,MR,2022,3
2512,NC,2022,3
2462,IM,2022,3
2454,SR,2022,3
2309,GN,2022,3
2238,GY,2022,3
1992,CG,2022,3
1657,NE,2022,3
1321,FJ,2022,3
713,PG,2022,3
26031867,EU,2022,4
24373958,US,2022,4
13084268,IN,2022,4
6244922,BR,2022,4
5645204,KR,2022,4
5152515,DE,2022,4
4993859,RU,2022,4
4963732,GB,2022,4
4196186,FR,2022,4
3849798,CA,2022,4
3331537,JP,2022,4
2950772,NG,2022,4
2745956,CN,2022,4
2679090,HK,2022,4
2499006,ES,2022,4
2471844,ID,2022,4
2154448,PL,2022,4
2010058,VN,2022,4
1971693,UA,2022,4
1883585,NL,2022,4
1718132,AR,2022,4
1643515,IT,2022,4
1536243,AU,2022,4
1476490,TR,2022,4
1393516,SG,2022,4
1260558,TW,2022,4
1246058,SE,2022,4
1191179,MX,2022,4
1115370,CO,2022,4
1106474,KE,2022,4
1100752,CH,2022,4
972713,BD,2022,4
908109,IL,2022,4
845951,PH,2022,4
799998,EG,2022,4
747501,NO,2022,4
732949,PK,2022,4
718362,BE,2022,4
677527,CZ,2022,4
671595,DK,2022,4
667463,FI,2022,4
662189,BY,2022,4
642495,PT,2022,4
634831,TH,2022,4
569824,AT,2022,4
564614,ET,2022,4
539323,ZA,2022,4
528229,RO,2022,4
490822,IE,2022,4
451841,PE,2022,4
449348,BG,2022,4
425765,CL,2022,4
422229,HU,2022,4
367448,GH,2022,4
361643,LK,2022,4
355281,MY,2022,4
347398,NZ,2022,4
323300,GR,2022,4
310890,IR,2022,4
309591,MA,2022,4
305750,KZ,2022,4
295750,RS,2022,4
286342,TN,2022,4
285569,UZ,2022,4
285223,GE,2022,4
258343,NP,2022,4
214837,AE,2022,4
206395,LT,2022,4
191603,AM,2022,4
182514,UY,2022,4
179116,SK,2022,4
175775,EC,2022,4
167862,HR,2022,4
158176,SA,2022,4
154762,EE,2022,4
151131,VE,2022,4
135574,KG,2022,4
133424,AZ,2022,4
132436,CR,2022,4
124062,UG,2022,4
111962,LV,2022,4
110074,RW,2022,4
108064,SI,2022,4
103167,BO,2022,4
103102,DZ,2022,4
100258,GT,2022,4
90230,CY,2022,4
90048,CM,2022,4
86428,LB,2022,4
86342,DO,2022,4
85985,MD,2022,4
82494,JO,2022,4
69555,MM,2022,4
66484,SV,2022,4
63894,PS,2022,4
62617,BA,2022,4
62380,IQ,2022,4
60557,KH,2022,4
56701,SD,2022,4
53299,MK,2022,4
45846,LU,2022,4
44718,TZ,2022,4
42674,HN,2022,4
41749,IS,2022,4
41509,ZW,2022,4
40986,AL,2022,4
40690,ME,2022,4
38859,MN,2022,4
38690,PY,2022,4
36668,CU,2022,4
36046,CI,2022,4
35479,BJ,2022,4
35024,PA,2022,4
34313,SN,2022,4
34057,PR,2022,4
31123,MT,2022,4
30976,MG,2022,4
30748,NI,2022,4
27245,SY,2022,4
26663,MZ,2022,4
26324,JM,2022,4
25652,ZM,2022,4
25425,CD,2022,4
23423,MW,2022,4
21237,AF,2022,4
20433,TG,2022,4
20075,YE,2022,4
19784,AO,2022,4
18933,QA,2022,4
18556,KW,2022,4
18174,MU,2022,4
17808,SO,2022,4
17139,BH,2022,4
15382,TJ,2022,4
14483,XK,2022,4
14051,TT,2022,4
13967,OM,2022,4
13780,RE,2022,4
13659,MO,2022,4
11835,LR,2022,4
9526,NA,2022,4
8310,HT,2022,4
8189,BW,2022,4
7896,LY,2022,4
7713,ML,2022,4
7693,SL,2022,4
7250,SC,2022,4
7157,BF,2022,4
6890,LA,2022,4
6411,LS,2022,4
5952,MV,2022,4
5950,BI,2022,4
5546,GM,2022,4
5177,BB,2022,4
4952,BN,2022,4
4667,AD,2022,4
4454,TM,2022,4
4382,BT,2022,4
4361,CV,2022,4
3726,BZ,2022,4
3552,NC,2022,4
3480,GP,2022,4
3156,CG,2022,4
3143,IM,2022,4
3092,MQ,2022,4
3092,BS,2022,4
2611,GA,2022,4
2578,SZ,2022,4
2319,SR,2022,4
2303,MR,2022,4
1960,GN,2022,4
1579,NE,2022,4
1492,FJ,2022,4
28536786,EU,2023,1
25930264,US,2023,1
12807610,IN,2023,1
6292476,BR,2023,1
5715361,DE,2023,1
5698758,GB,2023,1
5669606,KR,2023,1
4877013,RU,2023,1
4804603,FR,2023,1
4200005,CA,2023,1
3531471,JP,2023,1
3112368,NG,2023,1
2756933,ES,2023,1
2687088,HK,2023,1
2658923,CN,2023,1
2421667,PL,2023,1
2194477,ID,2023,1
2182199,UA,2023,1
1980389,NL,2023,1
1860071,IT,2023,1
1853755,KE,2023,1
1788091,VN,2023,1
1586113,SG,2023,1
1542496,AU,2023,1
1541474,AR,2023,1
1523418,TR,2023,1
1325338,EG,2023,1
1257381,SE,2023,1
1190373,TW,2023,1
1178079,BD,2023,1
1177565,MX,2023,1
1130470,CH,2023,1
1099902,CO,2023,1
1023030,IL,2023,1
983370,ZA,2023,1
969639,MA,2023,1
902479,PH,2023,1
839263,PK,2023,1
756094,CZ,2023,1
748987,NO,2023,1
725897,PT,2023,1
715892,BE,2023,1
709739,TH,2023,1
689827,FI,2023,1
654349,DK,2023,1
644220,BY,2023,1
633892,GH,2023,1
629980,AT,2023,1
604537,ET,2023,1
597027,RO,2023,1
509976,BG,2023,1
483457,IE,2023,1
432451,IR,2023,1
429960,HU,2023,1
390135,MY,2023,1
381164,PE,2023,1
371272,LK,2023,1
356325,NZ,2023,1
347756,GR,2023,1
340157,GE,2023,1
335690,RS,2023,1
335473,CL,2023,1
329189,KZ,2023,1
310813,UZ,2023,1
310397,NP,2023,1
263075,TN,2023,1
245397,AE,2023,1
245360,RW,2023,1
212244,LT,2023,1
208737,EC,2023,1
199688,SK,2023,1
197945,AM,2023,1
195515,HR,2023,1
179655,UY,2023,1
179233,SA,2023,1
178382,VE,2023,1
157254,UG,2023,1
155656,EE,2023,1
147497,KG,2023,1
137747,LV,2023,1
135604,AZ,2023,1
129339,DZ,2023,1
122366,CR,2023,1
121568,SI,2023,1
105833,CM,2023,1
98649,GT,2023,1
97631,CY,2023,1
94234,MD,2023,1
92351,DO,2023,1
90494,JO,2023,1
90299,MM,2023,1
85236,LB,2023,1
82267,BO,2023,1
74232,PS,2023,1
73974,BA,2023,1
72971,KH,2023,1
69415,IQ,2023,1
62432,MK,2023,1
61690,ZW,2023,1
59006,MG,2023,1
55899,SV,2023,1
52875,SN,2023,1
51012,TZ,2023,1
50203,LU,2023,1
46555,PR,2023,1
45916,ME,2023,1
42643,IS,2023,1
42047,CI,2023,1
41446,AL,2023,1
41020,HN,2023,1
40622,MW,2023,1
39611,ZM,2023,1
39229,SD,2023,1
38673,PY,2023,1
38583,MN,2023,1
36640,BJ,2023,1
32416,XK,2023,1
31414,CU,2023,1
30762,PA,2023,1
30026,NI,2023,1
29914,MT,2023,1
28788,MZ,2023,1
26411,SY,2023,1
24936,AF,2023,1
24769,YE,2023,1
23853,CD,2023,1
23207,AO,2023,1
21900,JM,2023,1
21498,SO,2023,1
21061,MU,2023,1
21046,QA,2023,1
20965,TG,2023,1
20507,BH,2023,1
18785,KW,2023,1
18456,OM,2023,1
17106,RE,2023,1
15562,NA,2023,1
14740,TJ,2023,1
13081,TT,2023,1
12782,MO,2023,1
11962,BW,2023,1
10088,ML,2023,1
10006,SL,2023,1
8797,LY,2023,1
8764,BF,2023,1
7942,GM,2023,1
7909,LR,2023,1
7632,HT,2023,1
7178,LA,2023,1
7085,BI,2023,1
6460,LS,2023,1
6361,MV,2023,1
6314,SC,2023,1
6065,AD,2023,1
5493,NC,2023,1
5431,SZ,2023,1
5296,BZ,2023,1
4949,TM,2023,1
4747,NE,2023,1
4576,BT,2023,1
4238,GN,2023,1
4133,JE,2023,1
4114,BN,2023,1
4006,CV,2023,1
3959,CG,2023,1
3835,BB,2023,1
3680,IM,2023,1
3203,GP,2023,1
3038,SR,2023,1
3010,MQ,2023,1
2906,BS,2023,1
2499,GA,2023,1
2350,MR,2023,1
2261,GY,2023,1
28261311,EU,2023,2
25765719,US,2023,2
13916703,IN,2023,2
7339612,BR,2023,2
6102494,KR,2023,2
5508947,DE,2023,2
5255760,GB,2023,2
5097607,RU,2023,2
4597916,FR,2023,2
3922973,CA,2023,2
3778386,JP,2023,2
2759771,ES,2023,2
2685318,HK,2023,2
2669001,CN,2023,2
2514210,PL,2023,2
2484365,ID,2023,2
2319147,VN,2023,2
2262652,NG,2023,2
2253838,UA,2023,2
2126697,NL,2023,2
2016655,AR,2023,2
1839109,IT,2023,2
1683157,AU,2023,2
1588070,SG,2023,2
1473389,TR,2023,2
1424822,KE,2023,2
1388166,TW,2023,2
1338149,CO,2023,2
1333930,EG,2023,2
1333712,MX,2023,2
1206131,CH,2023,2
1155814,SE,2023,2
1083550,BD,2023,2
1068939,IL,2023,2
1026359,MA,2023,2
1022001,PH,2023,2
895306,PK,2023,2
847118,ZA,2023,2
764425,PT,2023,2
754422,BE,2023,2
746438,CZ,2023,2
728027,DK,2023,2
703801,NO,2023,2
638842,RO,2023,2
636924,TH,2023,2
624914,FI,2023,2
609937,AT,2023,2
583992,BY,2023,2
514715,PE,2023,2
513525,GH,2023,2
505674,CL,2023,2
502595,IR,2023,2
471864,IE,2023,2
462232,BG,2023,2
444903,LK,2023,2
440718,MY,2023,2
436919,HU,2023,2
408861,NZ,2023,2
352148,NP,2023,2
340491,GR,2023,2
330865,RS,2023,2
325435,KZ,2023,2
319058,GE,2023,2
298271,UZ,2023,2
274835,TN,2023,2
257445,ET,2023,2
250229,AE,2023,2
215119,EC,2023,2
199768,LT,2023,2
196163,SK,2023,2
195494,RW,2023,2
194109,UY,2023,2
193192,HR,2023,2
190509,AM,2023,2
179985,VE,2023,2
168766,SA,2023,2
165661,CR,2023,2
151041,KG,2023,2
150880,AZ,2023,2
149019,EE,2023,2
131621,LV,2023,2
129382,SI,2023,2
125089,DZ,2023,2
125027,UG,2023,2
122195,GT,2023,2
119187,BO,2023,2
111949,JO,2023,2
99710,DO,2023,2
99621,MM,2023,2
98639,MD,2023,2
98064,CY,2023,2
95666,CM,2023,2
91168,LB,2023,2
88000,PS,2023,2
81724,SV,2023,2
78072,BA,2023,2
69716,KH,2023,2
68903,IQ,2023,2
61744,MK,2023,2
53925,MG,2023,2
52663,ME,2023,2
51206,LU,2023,2
51004,AL,2023,2
49685,TZ,2023,2
47215,IS,2023,2
46665,MN,2023,2
45422,PR,2023,2
43394,PY,2023,2
41427,HN,2023,2
40505,XK,2023,2
39429,NI,2023,2
39219,ZW,2023,2
38024,SN,2023,2
33477,CU,2023,2
32529,PA,2023,2
31921,MT,2023,2
29669,MW,2023,2
29601,SY,2023,2
29331,BJ,2023,2
29142,CI,2023,2
26875,AO,2023,2
26704,AF,2023,2
24894,ZM,2023,2
24802,MU,2023,2
23776,QA,2023,2
23704,MZ,2023,2
22111,YE,2023,2
21716,OM,2023,2
21712,JM,2023,2
20748,CD,2023,2
19553,BH,2023,2
19223,TG,2023,2
18154,SO,2023,2
17896,RE,2023,2
17320,KW,2023,2
16076,TT,2023,2
15120,MO,2023,2
14944,TJ,2023,2
12295,SD,2023,2
11341,BW,2023,2
11079,SC,2023,2
11069,LY,2023,2
9088,NA,2023,2
8479,AD,2023,2
7881,LR,2023,2
7852,BF,2023,2
7197,LA,2023,2
7185,ML,2023,2
6818,TM,2023,2
6156,HT,2023,2
5999,NC,2023,2
5977,BT,2023,2
5975,MV,2023,2
5882,BI,2023,2
5330,GM,2023,2
5276,SL,2023,2
5089,BB,2023,2
4389,LS,2023,2
4339,BN,2023,2
4337,GP,2023,2
4154,MR,2023,2
4150,CV,2023,2
4022,BZ,2023,2
3738,IM,2023,2
3323,SZ,2023,2
3213,MQ,2023,2
3155,NE,2023,2
3063,GN,2023,2
2868,BS,2023,2
2591,SR,2023,2
2434,CG,2023,2
2283,GA,2023,2
2198,GY,2023,2
1936,FJ,2023,2
1629,PG,2023,2
1417,JE,2023,2
24131967,EU,2023,3
23796738,US,2023,3
16316471,IN,2023,3
6904053,BR,2023,3
6044640,KR,2023,3
5403146,DE,2023,3
5075412,GB,2023,3
4195416,RU,2023,3
3879923,JP,2023,3
3816691,FR,2023,3
3700950,CA,2023,3
2737628,HK,2023,3
2679321,NG,2023,3
2423792,ID,2023,3
2109778,CN,2023,3
2089305,VN,2023,3
2024296,PL,2023,3
2014056,ES,2023,3
1974742,UA,2023,3
1830471,AR,2023,3
1781944,NL,2023,3
1738232,EG,2023,3
1710604,AU,2023,3
1586866,SG,2023,3
1571271,IT,2023,3
1560691,KE,2023,3
1522648,BD,2023,3
1413205,TR,2023,3
1290954,TW,2023,3
1204953,CO,2023,3
1139050,PK,2023,3
1134809,MX,2023,3
1015812,CH,2023,3
1012106,MA,2023,3
991644,IL,2023,3
987404,PH,2023,3
967773,SE,2023,3
954678,ZA,2023,3
666526,TH,2023,3
653767,CZ,2023,3
649681,PT,2023,3
642390,NO,2023,3
602109,BE,2023,3
561703,FI,2023,3
550631,IR,2023,3
539676,AT,2023,3
516868,GH,2023,3
511720,DK,2023,3
496944,RO,2023,3
483580,PE,2023,3
470157,LK,2023,3
463158,BY,2023,3
456231,CL,2023,3
441010,IE,2023,3
436971,NZ,2023,3
430682,MY,2023,3
424370,BG,2023,3
377202,ET,2023,3
374008,NP,2023,3
344830,HU,2023,3
310370,UZ,2023,3
308463,GR,2023,3
300533,RS,2023,3
294820,GE,2023,3
262587,KZ,2023,3
258191,AE,2023,3
238029,EC,2023,3
234420,TN,2023,3
231652,SA,2023,3
208819,UY,2023,3
193751,RW,2023,3
182068,AM,2023,3
180135,VE,2023,3
169850,LT,2023,3
164195,SK,2023,3
161087,HR,2023,3
151598,DZ,2023,3
151166,UG,2023,3
144936,CR,2023,3
139397,AZ,2023,3
134810,EE,2023,3
114784,MM,2023,3
112071,JO,2023,3
111031,GT,2023,3
110169,SI,2023,3
110072,KG,2023,3
108901,PS,2023,3
107131,CM,2023,3
106761,LV,2023,3
101768,BO,2023,3
98730,CY,2023,3
98102,DO,2023,3
90228,LB,2023,3
88450,SD,2023,3
88061,MD,2023,3
88031,KH,2023,3
73205,SV,2023,3
67246,IQ,2023,3
65049,MG,2023,3
64790,BA,2023,3
56881,ME,2023,3
54269,TZ,2023,3
50026,MK,2023,3
49018,HN,2023,3
47704,LU,2023,3
45369,PY,2023,3
43573,SN,2023,3
40209,ZW,2023,3
39654,PR,2023,3
38958,AL,2023,3
37419,IS,2023,3
35356,PA,2023,3
33134,CI,2023,3
32957,QA,2023,3
31977,SY,2023,3
31868,NI,2023,3
31812,BJ,2023,3
29470,CU,2023,3
28405,ZM,2023,3
28026,AO,2023,3
28018,MZ,2023,3
27903,YE,2023,3
26340,CD,2023,3
26127,AF,2023,3
25726,MW,2023,3
25567,KW,2023,3
25211,MT,2023,3
24349,SO,2023,3
23920,MU,2023,3
23206,MN,2023,3
21175,OM,2023,3
20429,TG,2023,3
18585,RE,2023,3
18372,JM,2023,3
17521,TJ,2023,3
16771,XK,2023,3
16733,BH,2023,3
16732,LY,2023,3
14280,BW,2023,3
13633,MO,2023,3
12807,TT,2023,3
12350,SL,2023,3
11362,NA,2023,3
10574,LR,2023,3
9592,ML,2023,3
8732,LA,2023,3
8040,BF,2023,3
7375,AD,2023,3
7258,HT,2023,3
6943,MV,2023,3
6896,SC,2023,3
6588,GM,2023,3
5467,LS,2023,3
5277,BT,2023,3
5244,BI,2023,3
5018,MR,2023,3
4660,SZ,2023,3
4604,BN,2023,3
4523,BB,2023,3
4370,CG,2023,3
4324,TM,2023,3
4275,NE,2023,3
4267,NC,2023,3
3533,GN,2023,3
3109,IM,2023,3
2910,CV,2023,3
2883,GA,2023,3
2767,TD,2023,3
2754,GP,2023,3
2682,BZ,2023,3
2678,JE,2023,3
2605,SR,2023,3
2397,BS,2023,3
2324,GY,2023,3
2252,FJ,2023,3
2151,MQ,2023,3
1247,PG,2023,3
29440942,EU,2023,4
25996849,US,2023,4
15213634,IN,2023,4
7135602,BR,2023,4
6145189,KR,2023,4
5818564,DE,2023,4
5399597,GB,2023,4
4944717,RU,2023,4
4884748,FR,2023,4
4301590,CA,2023,4
3918914,JP,2023,4
3171945,ID,2023,4
2943269,ES,2023,4
2725042,HK,2023,4
2693602,VN,2023,4
2380360,PL,2023,4
2112864,NL,2023,4
2046059,UA,2023,4
1885889,AR,2023,4
1881378,CN,2023,4
1856951,IT,2023,4
1778028,NG,2023,4
1703603,AU,2023,4
1697660,SG,2023,4
1426914,TW,2023,4
1363707,TR,2023,4
1359177,SE,2023,4
1357990,BD,2023,4
1317667,MX,2023,4
1287198,EG,2023,4
1262223,CO,2023,4
1233157,PH,2023,4
1225725,CH,2023,4
1121678,PK,2023,4
1069281,KE,2023,4
834421,IL,2023,4
833683,NO,2023,4
831589,MA,2023,4
791244,DK,2023,4
776168,TH,2023,4
775850,CZ,2023,4
762337,PT,2023,4
756904,FI,2023,4
747456,BE,2023,4
635967,AT,2023,4
634330,ZA,2023,4
571019,RO,2023,4
548339,IE,2023,4
533296,PE,2023,4
514226,LK,2023,4
511439,BG,2023,4
510190,BY,2023,4
507679,CL,2023,4
500107,IR,2023,4
483026,MY,2023,4
456833,HU,2023,4
375764,NZ,2023,4
364135,ET,2023,4
363160,TN,2023,4
339082,GH,2023,4
332194,GR,2023,4
325184,NP,2023,4
314534,RS,2023,4
309301,UZ,2023,4
283066,KZ,2023,4
271973,GE,2023,4
269961,AE,2023,4
235721,SA,2023,4
213384,LT,2023,4
211894,EC,2023,4
193558,UY,2023,4
193278,SK,2023,4
185826,HR,2023,4
177939,EE,2023,4
177463,VE,2023,4
176009,AZ,2023,4
169054,AM,2023,4
157338,CR,2023,4
155115,RW,2023,4
139757,DZ,2023,4
134273,BO,2023,4
132087,KG,2023,4
128479,LV,2023,4
116943,SI,2023,4
113778,MM,2023,4
110354,GT,2023,4
108833,MD,2023,4
106709,UG,2023,4
100009,CY,2023,4
97926,DO,2023,4
93077,LB,2023,4
90715,JO,2023,4
90456,CM,2023,4
87131,PR,2023,4
86811,KH,2023,4
77445,SV,2023,4
71171,BA,2023,4
60231,MG,2023,4
57643,MK,2023,4
56133,IQ,2023,4
55359,IS,2023,4
54045,PS,2023,4
52817,ME,2023,4
51596,LU,2023,4
48818,AL,2023,4
44061,PY,2023,4
43932,SN,2023,4
41798,TZ,2023,4
40676,CU,2023,4
40485,SD,2023,4
40357,HN,2023,4
39027,PA,2023,4
36914,MN,2023,4
32475,SY,2023,4
32177,NI,2023,4
31392,QA,2023,4
31255,CI,2023,4
31004,XK,2023,4
29611,YE,2023,4
29598,ZW,2023,4
27973,MT,2023,4
27211,BH,2023,4
26653,AO,2023,4
25982,BJ,2023,4
25018,JM,2023,4
24561,AF,2023,4
23466,CD,2023,4
22312,MZ,2023,4
22011,ZM,2023,4
20431,MU,2023,4
20223,MW,2023,4
19249,KW,2023,4
17878,SO,2023,4
17456,OM,2023,4
17454,RE,2023,4
16914,TT,2023,4
16671,TG,2023,4
16170,TJ,2023,4
15779,MO,2023,4
12118,LY,2023,4
8665,AD,2023,4
8274,BW,2023,4
8222,MV,2023,4
8073,BT,2023,4
8030,BF,2023,4
7834,ML,2023,4
7659,LA,2023,4
7428,NA,2023,4
7411,HT,2023,4
6319,LS,2023,4
5690,TM,2023,4
5597,BZ,2023,4
5579,SL,2023,4
5259,GM,2023,4
4878,NE,2023,4
4877,LR,2023,4
4282,GA,2023,4
4266,BN,2023,4
4229,IM,2023,4
3886,NC,2023,4
3691,BI,2023,4
3468,CG,2023,4
3448,MR,2023,4
3442,CV,2023,4
3210,SZ,2023,4
3028,PF,2023,4
2921,BS,2023,4
2846,GN,2023,4
2744,BB,2023,4
2682,SR,2023,4
2588,SS,2023,4
2384,JE,2023,4
2269,GP,2023,4
2244,SC,2023,4
2195,MQ,2023,4
2111,GY,2023,4
1324,PG,2023,4
