organizations,iso2_code,year,quarter
601565,US,2020,1
433848,EU,2020,1
377119,CN,2020,1
247204,IN,2020,1
125302,BR,2020,1
100347,ID,2020,1
94086,GB,2020,1
83801,DE,2020,1
69377,JP,2020,1
69164,FR,2020,1
68602,CA,2020,1
67061,RU,2020,1
63860,KR,2020,1
55920,VN,2020,1
46789,TR,2020,1
40219,ES,2020,1
38589,AU,2020,1
37237,NL,2020,1
36691,MX,2020,1
32648,UA,2020,1
30983,TH,2020,1
30583,PL,2020,1
27440,IT,2020,1
27279,PH,2020,1
27115,HK,2020,1
26487,BD,2020,1
25107,PK,2020,1
24433,TW,2020,1
21820,CO,2020,1
21321,SE,2020,1
21313,EG,2020,1
20483,IR,2020,1
18879,NG,2020,1
18774,SG,2020,1
17760,AR,2020,1
17749,MY,2020,1
17713,SA,2020,1
17523,MA,2020,1
15439,CH,2020,1
13242,ZA,2020,1
13076,BE,2020,1
13009,PE,2020,1
12897,IL,2020,1
12720,RO,2020,1
11515,CL,2020,1
11218,DZ,2020,1
11076,DK,2020,1
10634,NO,2020,1
10472,CZ,2020,1
10010,PT,2020,1
9141,AT,2020,1
9039,BG,2020,1
8589,NZ,2020,1
8531,FI,2020,1
8349,TN,2020,1
7894,VE,2020,1
7639,HU,2020,1
7528,AE,2020,1
7350,IE,2020,1
7205,LK,2020,1
7062,KE,2020,1
6889,BY,2020,1
6398,IQ,2020,1
6290,GR,2020,1
5456,EC,2020,1
5405,NP,2020,1
5218,MM,2020,1
5121,KH,2020,1
4890,RS,2020,1
4181,KZ,2020,1
4014,GH,2020,1
3516,DO,2020,1
3385,SK,2020,1
3288,LT,2020,1
3247,CR,2020,1
3076,JO,2020,1
2786,HR,2020,1
2741,BO,2020,1
2665,GE,2020,1
2615,AL,2020,1
2611,PS,2020,1
2561,AZ,2020,1
2381,EE,2020,1
2305,UY,2020,1
2155,LB,2020,1
2135,LV,2020,1
2104,CI,2020,1
2075,GT,2020,1
2063,SI,2020,1
2027,UZ,2020,1
1913,AM,2020,1
1905,UG,2020,1
1888,CM,2020,1
1862,MD,2020,1
1845,TZ,2020,1
1839,KW,2020,1
1673,SV,2020,1
1583,ET,2020,1
1523,BA,2020,1
1439,MN,2020,1
1435,IS,2020,1
1404,QA,2020,1
1401,SN,2020,1
1328,YE,2020,1
1258,PA,2020,1
1237,MK,2020,1
1116,LU,2020,1
1070,PR,2020,1
1025,OM,2020,1
1022,HN,2020,1
1013,SD,2020,1
993,AO,2020,1
956,PY,2020,1
955,LY,2020,1
932,SY,2020,1
919,KG,2020,1
909,ZW,2020,1
904,CY,2020,1
797,RW,2020,1
795,NI,2020,1
789,MG,2020,1
755,BH,2020,1
738,BJ,2020,1
723,JM,2020,1
722,LA,2020,1
715,CU,2020,1
683,MU,2020,1
681,MT,2020,1
648,HT,2020,1
647,CD,2020,1
599,AF,2020,1
587,MZ,2020,1
532,ZM,2020,1
528,SO,2020,1
515,MO,2020,1
495,TT,2020,1
479,TG,2020,1
369,RE,2020,1
302,BW,2020,1
289,ME,2020,1
275,BF,2020,1
266,BN,2020,1
251,MV,2020,1
245,ML,2020,1
217,TJ,2020,1
215,MW,2020,1
203,GN,2020,1
190,BT,2020,1
174,SL,2020,1
170,GP,2020,1
167,MR,2020,1
157,BS,2020,1
151,LR,2020,1
150,NA,2020,1
143,GA,2020,1
128,BB,2020,1
127,CV,2020,1
122,CG,2020,1
121,MQ,2020,1
114,CW,2020,1
113,JE,2020,1
110,NC,2020,1
110,SR,2020,1
103,BI,2020,1
102,GY,2020,1
102,BM,2020,1
102,GM,2020,1
642784,US,2020,2
474301,EU,2020,2
389609,CN,2020,2
268762,IN,2020,2
134257,BR,2020,2
103721,ID,2020,2
102966,GB,2020,2
92577,DE,2020,2
75552,CA,2020,2
75544,FR,2020,2
75533,JP,2020,2
71851,RU,2020,2
68408,KR,2020,2
58766,VN,2020,2
50630,PH,2020,2
49302,TR,2020,2
43700,ES,2020,2
42407,AU,2020,2
40651,NL,2020,2
39262,MX,2020,2
34359,UA,2020,2
33214,PL,2020,2
32318,TH,2020,2
31612,HK,2020,2
30132,IT,2020,2
27532,BD,2020,2
26451,PK,2020,2
26020,TW,2020,2
23517,CO,2020,2
23051,SE,2020,2
22301,EG,2020,2
21120,IR,2020,2
20481,NG,2020,2
20350,SG,2020,2
19413,AR,2020,2
18758,MY,2020,2
18458,SA,2020,2
18198,MA,2020,2
16350,CH,2020,2
14644,ZA,2020,2
14306,BE,2020,2
14276,IL,2020,2
13849,PE,2020,2
13830,RO,2020,2
12560,CL,2020,2
12047,DK,2020,2
11518,DZ,2020,2
11438,NO,2020,2
11428,CZ,2020,2
11214,PT,2020,2
10072,AT,2020,2
9568,NZ,2020,2
9487,BG,2020,2
9176,FI,2020,2
8640,TN,2020,2
8361,HU,2020,2
8111,IE,2020,2
8098,AE,2020,2
8077,VE,2020,2
8023,LK,2020,2
7738,KE,2020,2
7410,BY,2020,2
6878,GR,2020,2
6633,IQ,2020,2
6057,NP,2020,2
5823,EC,2020,2
5517,MM,2020,2
5403,KH,2020,2
5264,RS,2020,2
4493,KZ,2020,2
4369,GH,2020,2
3792,DO,2020,2
3727,SK,2020,2
3604,LT,2020,2
3592,CR,2020,2
3285,JO,2020,2
3032,HR,2020,2
2935,BO,2020,2
2804,GE,2020,2
2710,AL,2020,2
2707,PS,2020,2
2688,AZ,2020,2
2623,EE,2020,2
2572,UY,2020,2
2353,LB,2020,2
2340,LV,2020,2
2277,GT,2020,2
2270,SI,2020,2
2205,CI,2020,2
2155,UZ,2020,2
2098,AM,2020,2
2094,UG,2020,2
2040,CM,2020,2
2020,MD,2020,2
1967,TZ,2020,2
1926,KW,2020,2
1840,SV,2020,2
1763,ET,2020,2
1661,BA,2020,2
1550,MN,2020,2
1525,IS,2020,2
1478,QA,2020,2
1475,SN,2020,2
1388,PA,2020,2
1383,YE,2020,2
1315,MK,2020,2
1141,PR,2020,2
1139,LU,2020,2
1123,HN,2020,2
1081,AO,2020,2
1072,OM,2020,2
1070,SD,2020,2
1069,PY,2020,2
1027,CY,2020,2
1024,LY,2020,2
999,ZW,2020,2
995,KG,2020,2
980,SY,2020,2
919,RW,2020,2
879,NI,2020,2
863,MG,2020,2
800,JM,2020,2
796,CU,2020,2
795,BH,2020,2
776,BJ,2020,2
760,MT,2020,2
750,LA,2020,2
739,MU,2020,2
716,CD,2020,2
671,HT,2020,2
643,MZ,2020,2
639,AF,2020,2
590,ZM,2020,2
554,MO,2020,2
540,TT,2020,2
535,SO,2020,2
506,TG,2020,2
406,RE,2020,2
324,BW,2020,2
314,ME,2020,2
296,BF,2020,2
295,MV,2020,2
280,BN,2020,2
252,ML,2020,2
243,MW,2020,2
219,TJ,2020,2
217,GN,2020,2
211,BT,2020,2
181,SL,2020,2
176,MR,2020,2
176,GP,2020,2
173,NA,2020,2
170,BS,2020,2
157,LR,2020,2
145,BB,2020,2
141,GA,2020,2
139,CV,2020,2
131,CG,2020,2
125,CW,2020,2
124,MQ,2020,2
121,JE,2020,2
120,SR,2020,2
115,NC,2020,2
112,GM,2020,2
111,BI,2020,2
110,BM,2020,2
110,NE,2020,2
108,GY,2020,2
105,PF,2020,2
102,FJ,2020,2
101,PG,2020,2
674751,US,2020,3
501388,EU,2020,3
411915,CN,2020,3
287840,IN,2020,3
140871,BR,2020,3
108624,GB,2020,3
106866,ID,2020,3
98448,DE,2020,3
80690,JP,2020,3
79910,CA,2020,3
79393,FR,2020,3
75454,RU,2020,3
73412,KR,2020,3
61242,VN,2020,3
51393,TR,2020,3
46293,AU,2020,3
45806,ES,2020,3
43172,NL,2020,3
41448,MX,2020,3
36283,UA,2020,3
34921,HK,2020,3
34730,PL,2020,3
33183,TH,2020,3
31797,IT,2020,3
29924,PH,2020,3
28421,BD,2020,3
27732,PK,2020,3
27591,TW,2020,3
25010,CO,2020,3
24198,SE,2020,3
23622,SG,2020,3
23346,EG,2020,3
22008,NG,2020,3
21680,IR,2020,3
20953,AR,2020,3
19511,MY,2020,3
18980,SA,2020,3
18508,MA,2020,3
17562,CH,2020,3
15854,ZA,2020,3
15243,BE,2020,3
15216,IL,2020,3
14718,RO,2020,3
14504,PE,2020,3
13433,CL,2020,3
12812,DK,2020,3
12266,NO,2020,3
11992,CZ,2020,3
11959,PT,2020,3
11756,DZ,2020,3
10926,AT,2020,3
10189,NZ,2020,3
9876,BG,2020,3
9750,FI,2020,3
9005,TN,2020,3
8833,HU,2020,3
8586,AE,2020,3
8515,IE,2020,3
8514,LK,2020,3
8320,KE,2020,3
8293,VE,2020,3
7734,BY,2020,3
7265,GR,2020,3
6842,IQ,2020,3
6584,NP,2020,3
6143,EC,2020,3
5826,MM,2020,3
5615,RS,2020,3
5568,KH,2020,3
4672,GH,2020,3
4666,KZ,2020,3
3988,DO,2020,3
3943,SK,2020,3
3936,CR,2020,3
3811,LT,2020,3
3577,JO,2020,3
3277,HR,2020,3
3071,BO,2020,3
2908,GE,2020,3
2882,EE,2020,3
2862,AZ,2020,3
2833,PS,2020,3
2776,AL,2020,3
2677,UY,2020,3
2518,LV,2020,3
2502,LB,2020,3
2476,GT,2020,3
2420,SI,2020,3
2319,UZ,2020,3
2282,UG,2020,3
2282,CI,2020,3
2269,CM,2020,3
2256,AM,2020,3
2120,TZ,2020,3
2114,MD,2020,3
2025,KW,2020,3
1951,SV,2020,3
1910,ET,2020,3
1758,BA,2020,3
1638,IS,2020,3
1598,MN,2020,3
1558,QA,2020,3
1530,SN,2020,3
1456,PA,2020,3
1439,YE,2020,3
1384,MK,2020,3
1246,HN,2020,3
1241,PR,2020,3
1210,LU,2020,3
1162,PY,2020,3
1151,AO,2020,3
1118,OM,2020,3
1115,CY,2020,3
1093,SD,2020,3
1076,ZW,2020,3
1046,LY,2020,3
1013,KG,2020,3
999,RW,2020,3
992,SY,2020,3
933,NI,2020,3
917,MG,2020,3
901,CU,2020,3
873,JM,2020,3
827,BH,2020,3
816,BJ,2020,3
795,LA,2020,3
779,MT,2020,3
778,CD,2020,3
756,MU,2020,3
698,HT,2020,3
684,MZ,2020,3
659,AF,2020,3
640,ZM,2020,3
582,MO,2020,3
578,TT,2020,3
561,SO,2020,3
542,TG,2020,3
437,RE,2020,3
348,BW,2020,3
333,MV,2020,3
327,BF,2020,3
324,ME,2020,3
299,BN,2020,3
267,MW,2020,3
261,ML,2020,3
246,TJ,2020,3
231,BT,2020,3
221,GN,2020,3
198,SL,2020,3
190,NA,2020,3
182,MR,2020,3
182,GP,2020,3
178,BS,2020,3
168,LR,2020,3
149,BB,2020,3
147,CV,2020,3
145,GA,2020,3
138,CG,2020,3
136,MQ,2020,3
129,SR,2020,3
125,JE,2020,3
123,GM,2020,3
118,IM,2020,3
117,CW,2020,3
115,BI,2020,3
113,BM,2020,3
113,FJ,2020,3
108,PF,2020,3
108,GY,2020,3
106,NC,2020,3
103,NE,2020,3
102,PG,2020,3
704843,US,2020,4
534569,EU,2020,4
409365,CN,2020,4
301887,IN,2020,4
146348,BR,2020,4
115555,GB,2020,4
110073,ID,2020,4
105347,DE,2020,4
85319,JP,2020,4
84978,FR,2020,4
84473,CA,2020,4
79397,RU,2020,4
77610,KR,2020,4
63895,VN,2020,4
53822,TR,2020,4
48652,ES,2020,4
48170,AU,2020,4
45924,NL,2020,4
43366,MX,2020,4
38105,UA,2020,4
37788,HK,2020,4
36962,PL,2020,4
34127,TH,2020,4
33788,IT,2020,4
31049,PH,2020,4
29400,BD,2020,4
29026,PK,2020,4
28831,TW,2020,4
26169,CO,2020,4
25744,SE,2020,4
25205,SG,2020,4
24695,EG,2020,4
23321,NG,2020,4
22400,IR,2020,4
21943,AR,2020,4
20317,MY,2020,4
19506,SA,2020,4
18960,CH,2020,4
18957,MA,2020,4
16633,ZA,2020,4
16407,BE,2020,4
16238,IL,2020,4
15601,RO,2020,4
15137,PE,2020,4
14127,CL,2020,4
13645,DK,2020,4
13051,NO,2020,4
12869,PT,2020,4
12741,CZ,2020,4
11920,DZ,2020,4
11698,AT,2020,4
10675,NZ,2020,4
10439,FI,2020,4
10186,BG,2020,4
9427,TN,2020,4
9286,HU,2020,4
9211,LK,2020,4
9080,IE,2020,4
8960,AE,2020,4
8815,KE,2020,4
8444,VE,2020,4
8030,BY,2020,4
7769,GR,2020,4
7056,IQ,2020,4
6899,NP,2020,4
6343,EC,2020,4
6093,MM,2020,4
5918,RS,2020,4
5773,KH,2020,4
4929,GH,2020,4
4894,KZ,2020,4
4158,SK,2020,4
4130,CR,2020,4
4100,DO,2020,4
4080,LT,2020,4
3856,JO,2020,4
3516,HR,2020,4
3213,BO,2020,4
3040,EE,2020,4
2987,GE,2020,4
2941,AZ,2020,4
2941,PS,2020,4
2882,AL,2020,4
2862,UY,2020,4
2737,LV,2020,4
2628,LB,2020,4
2626,SI,2020,4
2569,GT,2020,4
2549,UZ,2020,4
2448,UG,2020,4
2375,CM,2020,4
2324,CI,2020,4
2324,AM,2020,4
2221,TZ,2020,4
2217,MD,2020,4
2068,KW,2020,4
2061,SV,2020,4
2045,ET,2020,4
1824,BA,2020,4
1696,IS,2020,4
1669,MN,2020,4
1614,SN,2020,4
1609,QA,2020,4
1529,PA,2020,4
1519,YE,2020,4
1456,MK,2020,4
1295,HN,2020,4
1282,PR,2020,4
1253,LU,2020,4
1225,AO,2020,4
1212,PY,2020,4
1210,CY,2020,4
1173,SD,2020,4
1145,OM,2020,4
1127,ZW,2020,4
1102,RW,2020,4
1100,KG,2020,4
1091,LY,2020,4
1025,SY,2020,4
974,NI,2020,4
973,CU,2020,4
961,MG,2020,4
889,JM,2020,4
875,BH,2020,4
857,BJ,2020,4
833,MT,2020,4
830,MU,2020,4
825,CD,2020,4
821,LA,2020,4
725,MZ,2020,4
714,HT,2020,4
693,ZM,2020,4
692,AF,2020,4
625,MO,2020,4
607,TT,2020,4
575,SO,2020,4
560,TG,2020,4
466,RE,2020,4
368,BW,2020,4
351,MV,2020,4
344,BF,2020,4
341,BN,2020,4
325,ME,2020,4
285,MW,2020,4
276,ML,2020,4
274,TJ,2020,4
242,BT,2020,4
231,GN,2020,4
212,NA,2020,4
210,SL,2020,4
187,BS,2020,4
186,MR,2020,4
186,GP,2020,4
178,LR,2020,4
170,BB,2020,4
166,CV,2020,4
154,GA,2020,4
146,MQ,2020,4
144,CG,2020,4
138,SR,2020,4
132,JE,2020,4
130,IM,2020,4
127,GM,2020,4
126,CW,2020,4
120,PF,2020,4
118,BM,2020,4
118,NE,2020,4
115,PG,2020,4
115,BI,2020,4
115,FJ,2020,4
112,GY,2020,4
111,AD,2020,4
110,TM,2020,4
108,NC,2020,4
104,LS,2020,4
744682,US,2021,1
569494,EU,2021,1
412907,CN,2021,1
316985,IN,2021,1
153201,BR,2021,1
123361,GB,2021,1
114562,ID,2021,1
113027,DE,2021,1
90878,CA,2021,1
90432,JP,2021,1
90413,FR,2021,1
83812,RU,2021,1
82777,KR,2021,1
65920,VN,2021,1
56363,TR,2021,1
51835,ES,2021,1
50580,AU,2021,1
48582,NL,2021,1
45538,MX,2021,1
42430,HK,2021,1
39976,UA,2021,1
39271,PL,2021,1
36051,IT,2021,1
35295,TH,2021,1
32262,PH,2021,1
30787,PK,2021,1
30497,BD,2021,1
30298,TW,2021,1
27624,CO,2021,1
27324,SE,2021,1
25972,SG,2021,1
25864,EG,2021,1
24624,NG,2021,1
23370,IR,2021,1
23005,AR,2021,1
21041,MY,2021,1
20198,CH,2021,1
20055,SA,2021,1
19512,MA,2021,1
17772,ZA,2021,1
17673,BE,2021,1
17129,IL,2021,1
16028,RO,2021,1
15686,PE,2021,1
14673,CL,2021,1
14593,DK,2021,1
13976,NO,2021,1
13885,PT,2021,1
13512,CZ,2021,1
12563,AT,2021,1
12046,DZ,2021,1
11308,NZ,2021,1
11172,FI,2021,1
10565,BG,2021,1
9923,TN,2021,1
9881,HU,2021,1
9812,LK,2021,1
9780,IE,2021,1
9534,AE,2021,1
9355,KE,2021,1
8603,VE,2021,1
8260,BY,2021,1
8235,GR,2021,1
7238,IQ,2021,1
7227,NP,2021,1
6614,EC,2021,1
6274,RS,2021,1
6116,MM,2021,1
5957,KH,2021,1
5209,GH,2021,1
5092,KZ,2021,1
4491,SK,2021,1
4361,LT,2021,1
4353,CR,2021,1
4276,DO,2021,1
4071,JO,2021,1
3714,HR,2021,1
3300,BO,2021,1
3245,EE,2021,1
3112,GE,2021,1
3095,AZ,2021,1
3026,PS,2021,1
3000,UY,2021,1
2951,LV,2021,1
2950,AL,2021,1
2765,LB,2021,1
2733,UZ,2021,1
2728,SI,2021,1
2716,GT,2021,1
2539,UG,2021,1
2508,AM,2021,1
2482,CM,2021,1
2404,CI,2021,1
2327,TZ,2021,1
2319,MD,2021,1
2165,ET,2021,1
2158,SV,2021,1
2117,KW,2021,1
1957,BA,2021,1
1784,IS,2021,1
1763,MN,2021,1
1734,SN,2021,1
1647,QA,2021,1
1578,YE,2021,1
1562,PA,2021,1
1524,MK,2021,1
1387,HN,2021,1
1379,PR,2021,1
1373,CY,2021,1
1357,LU,2021,1
1317,AO,2021,1
1259,PY,2021,1
1229,SD,2021,1
1220,ZW,2021,1
1205,OM,2021,1
1204,RW,2021,1
1142,KG,2021,1
1139,LY,2021,1
1070,CU,2021,1
1040,SY,2021,1
1001,NI,2021,1
993,MG,2021,1
946,JM,2021,1
918,BH,2021,1
898,CD,2021,1
888,BJ,2021,1
884,MT,2021,1
870,MU,2021,1
840,LA,2021,1
785,MZ,2021,1
753,ZM,2021,1
753,HT,2021,1
720,AF,2021,1
650,TT,2021,1
635,SO,2021,1
611,MO,2021,1
587,TG,2021,1
505,RE,2021,1
395,MV,2021,1
379,BW,2021,1
359,BN,2021,1
358,BF,2021,1
355,ME,2021,1
312,MW,2021,1
303,TJ,2021,1
282,ML,2021,1
250,BT,2021,1
241,GN,2021,1
234,NA,2021,1
230,SL,2021,1
201,BS,2021,1
193,GP,2021,1
191,BB,2021,1
187,MR,2021,1
181,LR,2021,1
176,CV,2021,1
161,GA,2021,1
159,CG,2021,1
156,MQ,2021,1
148,GM,2021,1
144,SR,2021,1
139,BM,2021,1
136,CW,2021,1
133,JE,2021,1
132,IM,2021,1
126,PG,2021,1
124,FJ,2021,1
123,TM,2021,1
123,PF,2021,1
122,BI,2021,1
119,AD,2021,1
117,NC,2021,1
117,GY,2021,1
117,NE,2021,1
110,LS,2021,1
101,DJ,2021,1
101,BZ,2021,1
101,KY,2021,1
785410,US,2021,2
599362,EU,2021,2
411874,CN,2021,2
339038,IN,2021,2
161359,BR,2021,2
129347,GB,2021,2
119643,DE,2021,2
118102,ID,2021,2
96617,JP,2021,2
96343,CA,2021,2
95299,FR,2021,2
88827,KR,2021,2
88276,RU,2021,2
69750,VN,2021,2
58676,TR,2021,2
54635,ES,2021,2
53875,AU,2021,2
51093,NL,2021,2
50046,HK,2021,2
47614,MX,2021,2
41676,PL,2021,2
41325,UA,2021,2
37765,IT,2021,2
36861,TH,2021,2
33629,PH,2021,2
32214,PK,2021,2
31977,TW,2021,2
31733,BD,2021,2
29498,SG,2021,2
29083,CO,2021,2
28263,SE,2021,2
26732,EG,2021,2
26156,NG,2021,2
24599,AR,2021,2
23879,IR,2021,2
22289,MY,2021,2
21041,CH,2021,2
20521,SA,2021,2
20163,MA,2021,2
19118,ZA,2021,2
18547,BE,2021,2
18460,IL,2021,2
17046,RO,2021,2
16576,PE,2021,2
15492,CL,2021,2
15458,DK,2021,2
14686,PT,2021,2
14443,NO,2021,2
14121,CZ,2021,2
13196,AT,2021,2
12298,DZ,2021,2
11927,NZ,2021,2
11714,FI,2021,2
10854,BG,2021,2
10646,LK,2021,2
10302,HU,2021,2
10246,TN,2021,2
10097,IE,2021,2
10061,KE,2021,2
10056,AE,2021,2
8743,VE,2021,2
8686,GR,2021,2
8559,BY,2021,2
7784,NP,2021,2
7407,IQ,2021,2
7020,EC,2021,2
6523,RS,2021,2
6185,KH,2021,2
5882,MM,2021,2
5559,GH,2021,2
5331,KZ,2021,2
4672,SK,2021,2
4646,CR,2021,2
4557,JO,2021,2
4508,LT,2021,2
4429,DO,2021,2
3941,HR,2021,2
3463,BO,2021,2
3385,EE,2021,2
3277,UY,2021,2
3249,GE,2021,2
3226,AZ,2021,2
3181,PS,2021,2
3099,UZ,2021,2
3050,LV,2021,2
3049,AL,2021,2
2993,LB,2021,2
2862,GT,2021,2
2853,SI,2021,2
2733,UG,2021,2
2694,AM,2021,2
2633,CM,2021,2
2502,CI,2021,2
2446,TZ,2021,2
2416,ET,2021,2
2402,MD,2021,2
2253,SV,2021,2
2203,KW,2021,2
2098,BA,2021,2
1848,IS,2021,2
1847,MN,2021,2
1821,SN,2021,2
1719,QA,2021,2
1649,YE,2021,2
1642,PA,2021,2
1589,MK,2021,2
1460,HN,2021,2
1454,CY,2021,2
1441,LU,2021,2
1408,AO,2021,2
1406,PR,2021,2
1328,ZW,2021,2
1320,PY,2021,2
1302,RW,2021,2
1290,SD,2021,2
1243,OM,2021,2
1192,KG,2021,2
1164,LY,2021,2
1151,CU,2021,2
1102,SY,2021,2
1088,MG,2021,2
1088,NI,2021,2
1016,JM,2021,2
984,CD,2021,2
977,MT,2021,2
963,BH,2021,2
954,BJ,2021,2
910,MU,2021,2
873,LA,2021,2
848,MZ,2021,2
832,ZM,2021,2
755,HT,2021,2
755,AF,2021,2
684,TT,2021,2
649,SO,2021,2
640,MO,2021,2
626,TG,2021,2
522,RE,2021,2
431,BW,2021,2
425,MV,2021,2
386,BF,2021,2
373,ME,2021,2
373,BN,2021,2
347,MW,2021,2
315,TJ,2021,2
304,NA,2021,2
291,ML,2021,2
274,BT,2021,2
242,GN,2021,2
237,SL,2021,2
211,BS,2021,2
209,MR,2021,2
198,GP,2021,2
198,BB,2021,2
190,LR,2021,2
189,CV,2021,2
171,GA,2021,2
167,CG,2021,2
165,MQ,2021,2
154,SR,2021,2
154,GM,2021,2
145,JE,2021,2
142,CW,2021,2
138,BM,2021,2
137,IM,2021,2
136,BI,2021,2
135,TM,2021,2
134,PF,2021,2
133,FJ,2021,2
129,GY,2021,2
128,NC,2021,2
125,PG,2021,2
121,KY,2021,2
120,NE,2021,2
117,AD,2021,2
115,LS,2021,2
113,BZ,2021,2
106,DJ,2021,2
815874,US,2021,3
622978,EU,2021,3
412702,CN,2021,3
353548,IN,2021,3
167414,BR,2021,3
134046,GB,2021,3
124775,DE,2021,3
123735,ID,2021,3
100735,JP,2021,3
100191,CA,2021,3
98866,FR,2021,3
94556,KR,2021,3
92144,RU,2021,3
72385,VN,2021,3
59912,TR,2021,3
56627,AU,2021,3
56541,ES,2021,3
56218,HK,2021,3
53170,NL,2021,3
49540,MX,2021,3
43449,PL,2021,3
42869,UA,2021,3
39227,IT,2021,3
37902,TH,2021,3
34626,PH,2021,3
33275,PK,2021,3
33185,TW,2021,3
32629,BD,2021,3
31313,SG,2021,3
30496,CO,2021,3
29152,SE,2021,3
27867,EG,2021,3
27375,NG,2021,3
25539,AR,2021,3
24594,IR,2021,3
23005,MY,2021,3
21993,CH,2021,3
20939,SA,2021,3
20515,MA,2021,3
20100,ZA,2021,3
19347,IL,2021,3
19260,BE,2021,3
17838,RO,2021,3
17069,PE,2021,3
16086,DK,2021,3
15966,CL,2021,3
15253,PT,2021,3
15060,NO,2021,3
14681,CZ,2021,3
13755,AT,2021,3
12571,NZ,2021,3
12467,DZ,2021,3
12244,FI,2021,3
11444,LK,2021,3
11141,BG,2021,3
10716,HU,2021,3
10494,KE,2021,3
10440,TN,2021,3
10351,IE,2021,3
10347,AE,2021,3
9123,GR,2021,3
8876,VE,2021,3
8739,BY,2021,3
8178,NP,2021,3
7598,IQ,2021,3
7177,EC,2021,3
6791,RS,2021,3
6306,KH,2021,3
5894,MM,2021,3
5844,GH,2021,3
5458,KZ,2021,3
4873,SK,2021,3
4857,CR,2021,3
4692,LT,2021,3
4667,JO,2021,3
4553,DO,2021,3
4150,HR,2021,3
3584,BO,2021,3
3549,EE,2021,3
3462,UY,2021,3
3419,GE,2021,3
3333,AZ,2021,3
3300,UZ,2021,3
3264,PS,2021,3
3148,LV,2021,3
3054,AL,2021,3
3029,LB,2021,3
3004,GT,2021,3
2954,SI,2021,3
2880,UG,2021,3
2808,AM,2021,3
2761,CM,2021,3
2662,ET,2021,3
2577,CI,2021,3
2538,TZ,2021,3
2483,MD,2021,3
2345,SV,2021,3
2242,KW,2021,3
2166,BA,2021,3
1911,MN,2021,3
1875,IS,2021,3
1870,SN,2021,3
1755,QA,2021,3
1705,YE,2021,3
1699,PA,2021,3
1646,MK,2021,3
1520,CY,2021,3
1518,HN,2021,3
1470,AO,2021,3
1456,LU,2021,3
1453,PR,2021,3
1399,ZW,2021,3
1386,PY,2021,3
1374,RW,2021,3
1345,SD,2021,3
1264,OM,2021,3
1254,KG,2021,3
1187,LY,2021,3
1157,MG,2021,3
1155,CU,2021,3
1113,SY,2021,3
1096,NI,2021,3
1050,JM,2021,3
1046,CD,2021,3
1008,MT,2021,3
997,BH,2021,3
986,BJ,2021,3
920,MU,2021,3
896,LA,2021,3
891,ZM,2021,3
888,MZ,2021,3
789,AF,2021,3
754,HT,2021,3
709,TT,2021,3
684,SO,2021,3
657,TG,2021,3
625,MO,2021,3
537,RE,2021,3
457,MV,2021,3
441,BW,2021,3
408,ME,2021,3
403,BF,2021,3
374,BN,2021,3
373,MW,2021,3
333,TJ,2021,3
327,NA,2021,3
306,ML,2021,3
274,BT,2021,3
247,SL,2021,3
246,GN,2021,3
219,MR,2021,3
207,GP,2021,3
203,BS,2021,3
195,LR,2021,3
194,CV,2021,3
189,BB,2021,3
181,CG,2021,3
173,IM,2021,3
173,GA,2021,3
168,MQ,2021,3
165,SR,2021,3
165,JE,2021,3
163,BM,2021,3
155,GM,2021,3
149,AD,2021,3
143,BI,2021,3
138,CW,2021,3
136,FJ,2021,3
135,NC,2021,3
134,PF,2021,3
133,GY,2021,3
128,TM,2021,3
128,PG,2021,3
124,LS,2021,3
123,NE,2021,3
111,BZ,2021,3
106,DJ,2021,3
103,KY,2021,3
847484,US,2021,4
651469,EU,2021,4
410324,CN,2021,4
365298,IN,2021,4
171435,BR,2021,4
139732,GB,2021,4
130488,DE,2021,4
128317,ID,2021,4
105392,JP,2021,4
104839,CA,2021,4
103247,FR,2021,4
99626,KR,2021,4
95789,RU,2021,4
75134,VN,2021,4
61857,TR,2021,4
61049,HK,2021,4
59228,ES,2021,4
58582,AU,2021,4
55325,NL,2021,4
50757,MX,2021,4
45769,PL,2021,4
43972,UA,2021,4
40828,IT,2021,4
38823,TH,2021,4
35578,PH,2021,4
34351,PK,2021,4
34200,TW,2021,4
34174,BD,2021,4
33286,SG,2021,4
31921,CO,2021,4
30463,SE,2021,4
28550,NG,2021,4
28452,EG,2021,4
26496,AR,2021,4
25682,IR,2021,4
23645,MY,2021,4
23153,CH,2021,4
21415,SA,2021,4
20844,MA,2021,4
20773,ZA,2021,4
20531,IL,2021,4
20185,BE,2021,4
18519,RO,2021,4
17592,PE,2021,4
17037,DK,2021,4
16493,CL,2021,4
16162,PT,2021,4
15659,NO,2021,4
15416,CZ,2021,4
14461,AT,2021,4
13041,NZ,2021,4
12871,FI,2021,4
12598,DZ,2021,4
12046,LK,2021,4
11459,BG,2021,4
11184,HU,2021,4
10899,KE,2021,4
10777,AE,2021,4
10775,IE,2021,4
10756,TN,2021,4
9291,GR,2021,4
8971,VE,2021,4
8930,BY,2021,4
8329,NP,2021,4
7746,IQ,2021,4
7344,EC,2021,4
7237,RS,2021,4
6405,KH,2021,4
6093,GH,2021,4
6003,MM,2021,4
5600,KZ,2021,4
5056,SK,2021,4
4993,CR,2021,4
4938,JO,2021,4
4932,LT,2021,4
4636,DO,2021,4
4341,HR,2021,4
3718,EE,2021,4
3664,BO,2021,4
3621,UZ,2021,4
3558,UY,2021,4
3540,GE,2021,4
3423,AZ,2021,4
3304,PS,2021,4
3269,LV,2021,4
3149,LB,2021,4
3143,SI,2021,4
3057,GT,2021,4
3026,UG,2021,4
2997,AL,2021,4
2925,AM,2021,4
2847,CM,2021,4
2835,ET,2021,4
2646,CI,2021,4
2596,TZ,2021,4
2531,MD,2021,4
2403,SV,2021,4
2284,KW,2021,4
2219,BA,2021,4
1986,MN,2021,4
1932,SN,2021,4
1922,IS,2021,4
1793,QA,2021,4
1789,YE,2021,4
1738,PA,2021,4
1675,MK,2021,4
1659,CY,2021,4
1586,LU,2021,4
1553,HN,2021,4
1501,PR,2021,4
1494,AO,2021,4
1471,ZW,2021,4
1458,RW,2021,4
1404,PY,2021,4
1343,SD,2021,4
1301,KG,2021,4
1293,OM,2021,4
1228,LY,2021,4
1219,MG,2021,4
1173,CU,2021,4
1154,NI,2021,4
1134,SY,2021,4
1112,CD,2021,4
1080,JM,2021,4
1057,MT,2021,4
1036,BJ,2021,4
1033,BH,2021,4
964,LA,2021,4
939,MU,2021,4
924,ZM,2021,4
905,MZ,2021,4
782,AF,2021,4
757,HT,2021,4
747,SO,2021,4
713,TT,2021,4
704,TG,2021,4
651,MO,2021,4
549,RE,2021,4
501,MV,2021,4
448,BW,2021,4
413,BF,2021,4
393,MW,2021,4
388,ME,2021,4
375,BN,2021,4
331,TJ,2021,4
321,ML,2021,4
320,NA,2021,4
288,BT,2021,4
264,GN,2021,4
252,SL,2021,4
230,MR,2021,4
219,GP,2021,4
216,BS,2021,4
208,LR,2021,4
203,CV,2021,4
195,BB,2021,4
194,CG,2021,4
178,AD,2021,4
172,SR,2021,4
172,GA,2021,4
171,MQ,2021,4
169,JE,2021,4
158,GM,2021,4
157,BM,2021,4
155,IM,2021,4
151,BI,2021,4
148,PF,2021,4
140,TM,2021,4
136,FJ,2021,4
136,GY,2021,4
135,NC,2021,4
135,CW,2021,4
135,LS,2021,4
131,PG,2021,4
127,NE,2021,4
127,KY,2021,4
116,BZ,2021,4
106,DJ,2021,4
889845,US,2022,1
682363,EU,2022,1
393890,CN,2022,1
380531,IN,2022,1
177395,BR,2022,1
146279,GB,2022,1
137792,DE,2022,1
128541,ID,2022,1
111368,JP,2022,1
110797,CA,2022,1
108058,FR,2022,1
105458,KR,2022,1
99253,RU,2022,1
77141,VN,2022,1
72995,HK,2022,1
64290,TR,2022,1
62346,ES,2022,1
61280,AU,2022,1
57455,NL,2022,1
52832,MX,2022,1
48097,PL,2022,1
44806,UA,2022,1
42379,IT,2022,1
40180,TH,2022,1
36596,PH,2022,1
35778,SG,2022,1
35633,TW,2022,1
35496,PK,2022,1
34827,BD,2022,1
33162,CO,2022,1
32090,SE,2022,1
30143,NG,2022,1
28979,EG,2022,1
27567,AR,2022,1
26030,IR,2022,1
24490,CH,2022,1
24211,MY,2022,1
21914,SA,2022,1
21765,IL,2022,1
21703,ZA,2022,1
21213,MA,2022,1
21002,BE,2022,1
19231,RO,2022,1
17941,PE,2022,1
17861,DK,2022,1
17005,PT,2022,1
16871,CL,2022,1
16291,NO,2022,1
16018,CZ,2022,1
15168,AT,2022,1
13502,FI,2022,1
13430,NZ,2022,1
12754,DZ,2022,1
12723,LK,2022,1
11786,BG,2022,1
11723,HU,2022,1
11428,KE,2022,1
11373,AE,2022,1
11188,IE,2022,1
11160,TN,2022,1
9690,GR,2022,1
9090,VE,2022,1
8984,BY,2022,1
8645,NP,2022,1
7888,IQ,2022,1
7594,EC,2022,1
7454,RS,2022,1
6549,KH,2022,1
6380,GH,2022,1
6060,MM,2022,1
5714,KZ,2022,1
5189,JO,2022,1
5178,SK,2022,1
5156,CR,2022,1
5150,LT,2022,1
4817,DO,2022,1
4474,HR,2022,1
3956,EE,2022,1
3927,UZ,2022,1
3822,UY,2022,1
3774,BO,2022,1
3726,GE,2022,1
3518,AZ,2022,1
3410,LV,2022,1
3354,PS,2022,1
3281,SI,2022,1
3268,LB,2022,1
3222,UG,2022,1
3193,GT,2022,1
3092,AM,2022,1
3055,ET,2022,1
3039,AL,2022,1
3014,CM,2022,1
2729,TZ,2022,1
2709,CI,2022,1
2619,MD,2022,1
2463,SV,2022,1
2350,KW,2022,1
2327,BA,2022,1
2040,MN,2022,1
2004,SN,2022,1
1995,IS,2022,1
1831,YE,2022,1
1828,QA,2022,1
1810,CY,2022,1
1758,MK,2022,1
1757,PA,2022,1
1632,HN,2022,1
1624,PR,2022,1
1564,RW,2022,1
1561,LU,2022,1
1544,AO,2022,1
1495,ZW,2022,1
1456,PY,2022,1
1392,SD,2022,1
1325,OM,2022,1
1310,MG,2022,1
1303,KG,2022,1
1251,LY,2022,1
1223,CU,2022,1
1197,NI,2022,1
1152,MT,2022,1
1133,JM,2022,1
1128,CD,2022,1
1117,SY,2022,1
1081,BJ,2022,1
1049,BH,2022,1
1017,MU,2022,1
995,LA,2022,1
973,ZM,2022,1
940,MZ,2022,1
794,AF,2022,1
780,HT,2022,1
757,SO,2022,1
739,TT,2022,1
719,TG,2022,1
648,MO,2022,1
555,RE,2022,1
518,MV,2022,1
475,BW,2022,1
446,MW,2022,1
425,BF,2022,1
418,ME,2022,1
384,BN,2022,1
344,TJ,2022,1
343,NA,2022,1
340,ML,2022,1
303,BT,2022,1
260,BS,2022,1
259,SL,2022,1
257,GN,2022,1
244,MR,2022,1
227,XK,2022,1
220,GP,2022,1
218,CV,2022,1
209,BB,2022,1
208,LR,2022,1
204,CG,2022,1
199,GA,2022,1
178,MQ,2022,1
174,SR,2022,1
173,JE,2022,1
166,AD,2022,1
164,GM,2022,1
161,BI,2022,1
159,BM,2022,1
158,IM,2022,1
157,NC,2022,1
151,CW,2022,1
151,TM,2022,1
144,PF,2022,1
144,NE,2022,1
143,FJ,2022,1
140,LS,2022,1
136,GY,2022,1
136,BZ,2022,1
129,PG,2022,1
127,KY,2022,1
117,SC,2022,1
107,DJ,2022,1
102,SZ,2022,1
924810,US,2022,2
715707,EU,2022,2
393448,IN,2022,2
381546,CN,2022,2
182980,BR,2022,2
152439,GB,2022,2
146089,DE,2022,2
131642,ID,2022,2
117419,JP,2022,2
115298,CA,2022,2
112568,FR,2022,2
111923,KR,2022,2
98026,RU,2022,2
86540,HK,2022,2
79971,VN,2022,2
67084,TR,2022,2
65046,ES,2022,2
64491,AU,2022,2
60745,NL,2022,2
54311,MX,2022,2
50579,PL,2022,2
44021,IT,2022,2
43752,UA,2022,2
41160,TH,2022,2
38752,SG,2022,2
37610,PH,2022,2
37159,TW,2022,2
36401,PK,2022,2
35231,BD,2022,2
34005,CO,2022,2
33415,SE,2022,2
31916,NG,2022,2
29656,EG,2022,2
28717,AR,2022,2
26739,IR,2022,2
25686,CH,2022,2
24794,MY,2022,2
23023,IL,2022,2
22610,ZA,2022,2
22237,SA,2022,2
21891,BE,2022,2
21662,MA,2022,2
19752,RO,2022,2
18766,PE,2022,2
18558,DK,2022,2
18156,PT,2022,2
17326,CL,2022,2
16911,NO,2022,2
16822,CZ,2022,2
15982,AT,2022,2
14139,FI,2022,2
13931,NZ,2022,2
13109,LK,2022,2
12867,DZ,2022,2
12235,HU,2022,2
12100,BG,2022,2
12058,AE,2022,2
12011,KE,2022,2
11679,IE,2022,2
11418,TN,2022,2
10272,GR,2022,2
9267,VE,2022,2
9032,NP,2022,2
8538,BY,2022,2
8043,IQ,2022,2
7908,RS,2022,2
7810,EC,2022,2
6777,KH,2022,2
6738,GH,2022,2
6110,MM,2022,2
6018,KZ,2022,2
5457,JO,2022,2
5390,SK,2022,2
5362,LT,2022,2
5354,CR,2022,2
4971,DO,2022,2
4873,GE,2022,2
4747,HR,2022,2
4295,UZ,2022,2
4222,EE,2022,2
3948,UY,2022,2
3893,BO,2022,2
3632,AZ,2022,2
3592,AM,2022,2
3549,LV,2022,2
3433,PS,2022,2
3423,SI,2022,2
3355,UG,2022,2
3312,LB,2022,2
3294,ET,2022,2
3285,GT,2022,2
3195,CM,2022,2
3173,AL,2022,2
2840,TZ,2022,2
2783,CI,2022,2
2660,MD,2022,2
2527,SV,2022,2
2377,KW,2022,2
2368,BA,2022,2
2120,MN,2022,2
2086,CY,2022,2
2051,SN,2022,2
2049,IS,2022,2
1908,YE,2022,2
1882,QA,2022,2
1845,PA,2022,2
1789,MK,2022,2
1676,HN,2022,2
1661,RW,2022,2
1655,LU,2022,2
1651,PR,2022,2
1601,ZW,2022,2
1601,AO,2022,2
1509,PY,2022,2
1425,SD,2022,2
1389,MG,2022,2
1378,KG,2022,2
1326,OM,2022,2
1301,CU,2022,2
1288,LY,2022,2
1224,MT,2022,2
1215,CD,2022,2
1199,NI,2022,2
1161,JM,2022,2
1159,SY,2022,2
1126,BJ,2022,2
1063,BH,2022,2
1048,LA,2022,2
1038,MU,2022,2
1025,ZM,2022,2
956,MZ,2022,2
831,AF,2022,2
793,SO,2022,2
787,HT,2022,2
777,TG,2022,2
762,TT,2022,2
679,MO,2022,2
603,ME,2022,2
575,RE,2022,2
545,MV,2022,2
484,BW,2022,2
471,MW,2022,2
443,BF,2022,2
383,BN,2022,2
369,NA,2022,2
360,ML,2022,2
355,TJ,2022,2
353,BT,2022,2
271,SL,2022,2
270,GN,2022,2
262,BS,2022,2
255,MR,2022,2
247,XK,2022,2
216,CV,2022,2
215,BB,2022,2
213,GP,2022,2
207,LR,2022,2
202,CG,2022,2
200,GA,2022,2
187,AD,2022,2
187,MQ,2022,2
180,SR,2022,2
177,JE,2022,2
173,GM,2022,2
162,TM,2022,2
161,NC,2022,2
157,BI,2022,2
155,BM,2022,2
155,IM,2022,2
152,CW,2022,2
148,NE,2022,2
147,FJ,2022,2
145,PF,2022,2
143,BZ,2022,2
138,GY,2022,2
137,SC,2022,2
137,LS,2022,2
135,PG,2022,2
130,KY,2022,2
112,DJ,2022,2
108,SZ,2022,2
957918,US,2022,3
744376,EU,2022,3
408817,IN,2022,3
382478,CN,2022,3
190122,BR,2022,3
158068,GB,2022,3
152070,DE,2022,3
134597,ID,2022,3
122819,JP,2022,3
120528,CA,2022,3
118917,KR,2022,3
116674,FR,2022,3
100670,RU,2022,3
90262,HK,2022,3
82723,VN,2022,3
69162,TR,2022,3
67463,ES,2022,3
66476,AU,2022,3
63208,NL,2022,3
56304,MX,2022,3
53063,PL,2022,3
45818,IT,2022,3
44502,UA,2022,3
42325,TH,2022,3
41317,SG,2022,3
38849,PH,2022,3
38634,TW,2022,3
37814,PK,2022,3
35965,BD,2022,3
35909,CO,2022,3
34475,SE,2022,3
33885,NG,2022,3
30501,EG,2022,3
30130,AR,2022,3
27652,IR,2022,3
26860,CH,2022,3
25352,MY,2022,3
24281,IL,2022,3
23535,ZA,2022,3
22816,BE,2022,3
22741,SA,2022,3
22211,MA,2022,3
20442,RO,2022,3
19420,PE,2022,3
19318,DK,2022,3
19038,PT,2022,3
17982,CL,2022,3
17551,NO,2022,3
17428,CZ,2022,3
16542,AT,2022,3
14568,FI,2022,3
14552,NZ,2022,3
13753,LK,2022,3
13052,DZ,2022,3
12737,HU,2022,3
12649,AE,2022,3
12607,KE,2022,3
12477,BG,2022,3
12190,IE,2022,3
11656,TN,2022,3
10815,GR,2022,3
9442,VE,2022,3
9206,NP,2022,3
8697,BY,2022,3
8238,IQ,2022,3
8235,RS,2022,3
8006,EC,2022,3
7133,GH,2022,3
6980,KH,2022,3
6272,KZ,2022,3
6235,MM,2022,3
5731,JO,2022,3
5656,LT,2022,3
5607,SK,2022,3
5446,CR,2022,3
5174,GE,2022,3
5051,DO,2022,3
4928,HR,2022,3
4590,UZ,2022,3
4476,EE,2022,3
4164,UY,2022,3
4050,BO,2022,3
3799,AM,2022,3
3781,AZ,2022,3
3752,LV,2022,3
3582,SI,2022,3
3557,ET,2022,3
3546,PS,2022,3
3532,UG,2022,3
3452,LB,2022,3
3425,GT,2022,3
3340,CM,2022,3
3173,AL,2022,3
2974,TZ,2022,3
2886,CI,2022,3
2780,MD,2022,3
2612,SV,2022,3
2450,BA,2022,3
2450,KW,2022,3
2286,CY,2022,3
2199,MN,2022,3
2121,IS,2022,3
2107,SN,2022,3
2011,YE,2022,3
1952,QA,2022,3
1866,MK,2022,3
1866,PA,2022,3
1762,HN,2022,3
1752,RW,2022,3
1747,LU,2022,3
1668,PR,2022,3
1651,AO,2022,3
1628,ZW,2022,3
1565,PY,2022,3
1520,MG,2022,3
1438,KG,2022,3
1427,SD,2022,3
1353,OM,2022,3
1328,LY,2022,3
1322,CU,2022,3
1302,CD,2022,3
1234,BJ,2022,3
1210,NI,2022,3
1203,JM,2022,3
1200,MT,2022,3
1170,SY,2022,3
1090,BH,2022,3
1080,ZM,2022,3
1077,LA,2022,3
1070,MU,2022,3
979,MZ,2022,3
866,AF,2022,3
844,SO,2022,3
830,HT,2022,3
813,TG,2022,3
797,TT,2022,3
692,MO,2022,3
675,ME,2022,3
605,RE,2022,3
580,MV,2022,3
511,BW,2022,3
496,MW,2022,3
470,BF,2022,3
392,NA,2022,3
388,BN,2022,3
377,ML,2022,3
368,BT,2022,3
360,TJ,2022,3
291,SL,2022,3
283,XK,2022,3
282,GN,2022,3
257,MR,2022,3
244,BS,2022,3
223,CV,2022,3
220,CG,2022,3
219,GP,2022,3
216,LR,2022,3
210,AD,2022,3
209,GA,2022,3
204,BB,2022,3
180,SR,2022,3
176,JE,2022,3
176,TM,2022,3
173,SC,2022,3
173,MQ,2022,3
170,GM,2022,3
168,BI,2022,3
167,IM,2022,3
161,BM,2022,3
158,CW,2022,3
158,NC,2022,3
151,FJ,2022,3
150,NE,2022,3
145,LS,2022,3
143,PF,2022,3
141,PG,2022,3
136,BZ,2022,3
136,GY,2022,3
128,KY,2022,3
119,DJ,2022,3
114,SZ,2022,3
101,FO,2022,3
986470,US,2022,4
772984,EU,2022,4
420706,IN,2022,4
383243,CN,2022,4
195313,BR,2022,4
164385,GB,2022,4
157136,DE,2022,4
137181,ID,2022,4
127010,JP,2022,4
125266,CA,2022,4
124926,KR,2022,4
120917,FR,2022,4
99557,RU,2022,4
93243,HK,2022,4
85559,VN,2022,4
72079,TR,2022,4
70410,ES,2022,4
69483,AU,2022,4
65713,NL,2022,4
57579,MX,2022,4
55618,PL,2022,4
47291,IT,2022,4
45279,UA,2022,4
43509,TH,2022,4
43248,SG,2022,4
39921,TW,2022,4
39744,PH,2022,4
39175,PK,2022,4
37510,CO,2022,4
36494,BD,2022,4
35906,SE,2022,4
35375,NG,2022,4
31324,EG,2022,4
31069,AR,2022,4
27988,CH,2022,4
27556,IR,2022,4
26007,MY,2022,4
25340,IL,2022,4
24212,ZA,2022,4
23612,BE,2022,4
23204,SA,2022,4
22599,MA,2022,4
21456,RO,2022,4
20183,PT,2022,4
20149,DK,2022,4
20044,PE,2022,4
18492,CL,2022,4
18147,NO,2022,4
18085,CZ,2022,4
17159,AT,2022,4
15275,FI,2022,4
14997,NZ,2022,4
14303,LK,2022,4
13415,AE,2022,4
13253,KE,2022,4
13176,DZ,2022,4
13139,HU,2022,4
12742,BG,2022,4
12541,IE,2022,4
12021,TN,2022,4
10966,GR,2022,4
9692,NP,2022,4
9543,VE,2022,4
8853,RS,2022,4
8656,BY,2022,4
8377,IQ,2022,4
8158,EC,2022,4
7683,KZ,2022,4
7370,GH,2022,4
7044,KH,2022,4
6329,MM,2022,4
5909,JO,2022,4
5793,LT,2022,4
5776,GE,2022,4
5758,SK,2022,4
5597,CR,2022,4
5143,DO,2022,4
5116,HR,2022,4
5112,UZ,2022,4
4546,EE,2022,4
4334,UY,2022,4
4241,AM,2022,4
4150,BO,2022,4
3994,LV,2022,4
3883,AZ,2022,4
3792,SI,2022,4
3760,ET,2022,4
3698,UG,2022,4
3608,PS,2022,4
3520,LB,2022,4
3513,CM,2022,4
3487,GT,2022,4
3146,AL,2022,4
3027,TZ,2022,4
2909,CI,2022,4
2859,MD,2022,4
2668,SV,2022,4
2589,CY,2022,4
2518,BA,2022,4
2466,KW,2022,4
2243,MN,2022,4
2173,IS,2022,4
2169,SN,2022,4
2066,YE,2022,4
1988,QA,2022,4
1927,PA,2022,4
1918,MK,2022,4
1876,RW,2022,4
1812,LU,2022,4
1800,HN,2022,4
1727,PR,2022,4
1700,AO,2022,4
1684,ZW,2022,4
1654,KG,2022,4
1603,PY,2022,4
1587,MG,2022,4
1448,SD,2022,4
1394,OM,2022,4
1359,LY,2022,4
1356,CD,2022,4
1354,CU,2022,4
1286,MT,2022,4
1277,BJ,2022,4
1253,NI,2022,4
1216,JM,2022,4
1158,SY,2022,4
1154,BH,2022,4
1107,LA,2022,4
1089,MU,2022,4
1088,ZM,2022,4
1017,MZ,2022,4
915,AF,2022,4
862,SO,2022,4
859,TG,2022,4
843,TT,2022,4
827,HT,2022,4
815,ME,2022,4
789,MO,2022,4
618,RE,2022,4
589,MV,2022,4
522,BW,2022,4
515,MW,2022,4
476,BF,2022,4
423,NA,2022,4
398,ML,2022,4
393,XK,2022,4
386,BN,2022,4
374,TJ,2022,4
367,BT,2022,4
311,GN,2022,4
300,SL,2022,4
259,MR,2022,4
244,BS,2022,4
234,CV,2022,4
232,AD,2022,4
231,SC,2022,4
229,CG,2022,4
228,LR,2022,4
219,GP,2022,4
218,BB,2022,4
214,GA,2022,4
187,SR,2022,4
181,GM,2022,4
180,BI,2022,4
179,JE,2022,4
179,IM,2022,4
176,TM,2022,4
175,MQ,2022,4
162,CW,2022,4
162,FJ,2022,4
158,BM,2022,4
155,NC,2022,4
152,PG,2022,4
148,NE,2022,4
143,PF,2022,4
142,BZ,2022,4
139,GY,2022,4
139,LS,2022,4
130,KY,2022,4
119,DJ,2022,4
110,GU,2022,4
104,FO,2022,4
104,SZ,2022,4
1025114,US,2023,1
817724,EU,2023,1
440660,IN,2023,1
380776,CN,2023,1
205861,BR,2023,1
173651,GB,2023,1
166081,DE,2023,1
143819,ID,2023,1
134718,JP,2023,1
134447,KR,2023,1
133064,CA,2023,1
127838,FR,2023,1
102270,RU,2023,1
99470,HK,2023,1
89475,VN,2023,1
75198,ES,2023,1
74985,TR,2023,1
73667,AU,2023,1
68992,NL,2023,1
60393,MX,2023,1
58988,PL,2023,1
49702,IT,2023,1
48392,SG,2023,1
46310,TH,2023,1
45458,UA,2023,1
41959,TW,2023,1
41837,PH,2023,1
40955,PK,2023,1
39767,CO,2023,1
38396,NG,2023,1
38239,BD,2023,1
37459,SE,2023,1
32970,AR,2023,1
32851,EG,2023,1
30420,CH,2023,1
29443,IR,2023,1
27326,MY,2023,1
27070,IL,2023,1
25520,ZA,2023,1
24996,BE,2023,1
24244,SA,2023,1
23893,MA,2023,1
22638,RO,2023,1
21745,DK,2023,1
21566,PT,2023,1
20705,PE,2023,1
19337,CL,2023,1
19137,CZ,2023,1
19103,NO,2023,1
18606,AT,2023,1
16437,FI,2023,1
15671,NZ,2023,1
15295,LK,2023,1
15078,AE,2023,1
14341,KE,2023,1
13859,DZ,2023,1
13717,HU,2023,1
13302,BG,2023,1
13233,IE,2023,1
12707,TN,2023,1
11198,GR,2023,1
10193,NP,2023,1
9807,VE,2023,1
9352,RS,2023,1
8829,IQ,2023,1
8791,BY,2023,1
8596,EC,2023,1
8086,GH,2023,1
7836,KZ,2023,1
7431,KH,2023,1
6765,MM,2023,1
6386,GE,2023,1
6222,LT,2023,1
6185,JO,2023,1
6050,SK,2023,1
5946,CR,2023,1
5597,UZ,2023,1
5441,DO,2023,1
5282,HR,2023,1
4827,EE,2023,1
4686,AM,2023,1
4532,UY,2023,1
4391,BO,2023,1
4193,LV,2023,1
4161,AZ,2023,1
4031,ET,2023,1
4029,SI,2023,1
3965,UG,2023,1
3802,PS,2023,1
3755,LB,2023,1
3747,CM,2023,1
3642,GT,2023,1
3234,AL,2023,1
3222,TZ,2023,1
3171,CI,2023,1
3035,CY,2023,1
2990,MD,2023,1
2746,SV,2023,1
2644,BA,2023,1
2590,KW,2023,1
2425,MN,2023,1
2267,IS,2023,1
2264,SN,2023,1
2217,YE,2023,1
2083,QA,2023,1
2037,RW,2023,1
2012,MK,2023,1
2004,PA,2023,1
1954,LU,2023,1
1895,HN,2023,1
1887,PR,2023,1
1837,AO,2023,1
1831,KG,2023,1
1752,ZW,2023,1
1726,MG,2023,1
1651,PY,2023,1
1521,SD,2023,1
1510,CD,2023,1
1491,OM,2023,1
1429,LY,2023,1
1409,BJ,2023,1
1342,CU,2023,1
1299,MT,2023,1
1299,NI,2023,1
1284,JM,2023,1
1263,BH,2023,1
1206,LA,2023,1
1202,SY,2023,1
1191,ZM,2023,1
1136,MU,2023,1
1061,MZ,2023,1
991,ME,2023,1
945,AF,2023,1
941,SO,2023,1
921,TG,2023,1
900,TT,2023,1
846,HT,2023,1
839,MO,2023,1
653,RE,2023,1
640,XK,2023,1
627,MV,2023,1
557,MW,2023,1
552,BW,2023,1
507,BF,2023,1
449,NA,2023,1
425,ML,2023,1
408,BN,2023,1
402,TJ,2023,1
360,BT,2023,1
344,GN,2023,1
326,SL,2023,1
283,AD,2023,1
273,MR,2023,1
264,BS,2023,1
257,SC,2023,1
247,CV,2023,1
246,CG,2023,1
235,LR,2023,1
232,GA,2023,1
232,BB,2023,1
224,GP,2023,1
201,TM,2023,1
200,BI,2023,1
197,JE,2023,1
191,GM,2023,1
190,SR,2023,1
189,MQ,2023,1
186,IM,2023,1
178,BM,2023,1
174,CW,2023,1
173,FJ,2023,1
170,NE,2023,1
158,BZ,2023,1
158,NC,2023,1
153,PG,2023,1
150,LS,2023,1
140,GY,2023,1
139,PF,2023,1
130,KY,2023,1
123,DJ,2023,1
116,SZ,2023,1
112,GU,2023,1
106,FO,2023,1
101,MC,2023,1
1092401,US,2023,2
853743,EU,2023,2
457862,IN,2023,2
377050,CN,2023,2
214250,BR,2023,2
181220,GB,2023,2
173721,DE,2023,2
147153,ID,2023,2
144160,JP,2023,2
143356,KR,2023,2
139188,CA,2023,2
132104,FR,2023,2
105623,RU,2023,2
99066,HK,2023,2
93016,VN,2023,2
78712,ES,2023,2
77196,TR,2023,2
76635,AU,2023,2
72420,NL,2023,2
62303,MX,2023,2
61926,PL,2023,2
51779,IT,2023,2
50464,SG,2023,2
47362,TH,2023,2
46805,UA,2023,2
44332,TW,2023,2
43210,PH,2023,2
42508,PK,2023,2
41259,CO,2023,2
40649,NG,2023,2
39061,BD,2023,2
38923,SE,2023,2
34640,AR,2023,2
33969,EG,2023,2
31832,CH,2023,2
30269,IR,2023,2
28574,IL,2023,2
28191,MY,2023,2
26610,ZA,2023,2
26046,BE,2023,2
24771,SA,2023,2
24533,MA,2023,2
23502,RO,2023,2
22907,PT,2023,2
22635,DK,2023,2
21866,PE,2023,2
20174,CL,2023,2
20048,CZ,2023,2
19831,NO,2023,2
19554,AT,2023,2
17249,FI,2023,2
16164,NZ,2023,2
16035,LK,2023,2
15683,AE,2023,2
15167,KE,2023,2
14328,HU,2023,2
14052,DZ,2023,2
13800,IE,2023,2
13699,BG,2023,2
13017,TN,2023,2
11567,GR,2023,2
10664,NP,2023,2
9991,VE,2023,2
9909,RS,2023,2
8939,IQ,2023,2
8902,EC,2023,2
8862,BY,2023,2
8543,GH,2023,2
8207,KZ,2023,2
7722,KH,2023,2
6926,MM,2023,2
6601,GE,2023,2
6546,LT,2023,2
6534,JO,2023,2
6364,SK,2023,2
6160,CR,2023,2
6006,UZ,2023,2
5568,DO,2023,2
5548,HR,2023,2
5006,EE,2023,2
4911,AM,2023,2
4747,UY,2023,2
4558,BO,2023,2
4385,LV,2023,2
4327,AZ,2023,2
4170,SI,2023,2
4165,UG,2023,2
3973,PS,2023,2
3931,CM,2023,2
3914,LB,2023,2
3848,GT,2023,2
3748,ET,2023,2
3385,TZ,2023,2
3294,AL,2023,2
3250,CI,2023,2
3246,CY,2023,2
3121,MD,2023,2
2895,SV,2023,2
2748,BA,2023,2
2623,KW,2023,2
2551,MN,2023,2
2343,IS,2023,2
2330,SN,2023,2
2313,YE,2023,2
2254,RW,2023,2
2156,QA,2023,2
2142,LU,2023,2
2089,MK,2023,2
2064,PA,2023,2
1959,HN,2023,2
1940,KG,2023,2
1920,PR,2023,2
1912,MG,2023,2
1900,AO,2023,2
1830,ZW,2023,2
1751,PY,2023,2
1565,CD,2023,2
1525,OM,2023,2
1482,BJ,2023,2
1473,SD,2023,2
1464,LY,2023,2
1416,MT,2023,2
1333,JM,2023,2
1323,CU,2023,2
1315,NI,2023,2
1292,BH,2023,2
1257,ZM,2023,2
1242,LA,2023,2
1188,SY,2023,2
1181,MU,2023,2
1091,MZ,2023,2
1086,ME,2023,2
972,SO,2023,2
967,TG,2023,2
961,AF,2023,2
936,TT,2023,2
857,MO,2023,2
848,HT,2023,2
743,XK,2023,2
685,RE,2023,2
647,MV,2023,2
594,MW,2023,2
579,BW,2023,2
524,BF,2023,2
453,NA,2023,2
444,ML,2023,2
422,TJ,2023,2
406,BN,2023,2
375,BT,2023,2
335,SL,2023,2
335,GN,2023,2
312,SC,2023,2
310,AD,2023,2
276,MR,2023,2
260,BS,2023,2
255,CV,2023,2
252,CG,2023,2
242,LR,2023,2
234,BB,2023,2
232,GA,2023,2
230,GP,2023,2
210,TM,2023,2
208,BI,2023,2
202,SR,2023,2
201,GM,2023,2
196,MQ,2023,2
193,JE,2023,2
193,IM,2023,2
181,NE,2023,2
176,BM,2023,2
174,CW,2023,2
172,FJ,2023,2
161,PG,2023,2
160,NC,2023,2
156,LS,2023,2
150,PF,2023,2
147,BZ,2023,2
147,GY,2023,2
146,KY,2023,2
126,DJ,2023,2
119,SZ,2023,2
111,GU,2023,2
105,FO,2023,2
1132458,US,2023,3
889689,EU,2023,3
478002,IN,2023,3
367157,CN,2023,3
223821,BR,2023,3
187528,GB,2023,3
181530,DE,2023,3
153920,JP,2023,3
152333,KR,2023,3
150888,ID,2023,3
145161,CA,2023,3
137504,FR,2023,3
109616,RU,2023,3
107725,HK,2023,3
96652,VN,2023,3
81949,ES,2023,3
79962,AU,2023,3
79871,TR,2023,3
75099,NL,2023,3
64913,PL,2023,3
64138,MX,2023,3
54365,SG,2023,3
53814,IT,2023,3
48612,TH,2023,3
48321,UA,2023,3
46435,TW,2023,3
44632,PH,2023,3
44383,PK,2023,3
42929,NG,2023,3
42833,CO,2023,3
40316,BD,2023,3
40217,SE,2023,3
36323,AR,2023,3
35112,EG,2023,3
33124,CH,2023,3
31074,IR,2023,3
30032,IL,2023,3
29039,MY,2023,3
27950,ZA,2023,3
26949,BE,2023,3
25298,SA,2023,3
25103,MA,2023,3
24353,RO,2023,3
23943,PT,2023,3
23718,DK,2023,3
22899,PE,2023,3
20901,CL,2023,3
20730,CZ,2023,3
20631,NO,2023,3
20619,AT,2023,3
17893,FI,2023,3
16963,LK,2023,3
16805,NZ,2023,3
16152,AE,2023,3
16018,KE,2023,3
14835,HU,2023,3
14302,BG,2023,3
14282,DZ,2023,3
14159,IE,2023,3
13527,TN,2023,3
12267,GR,2023,3
11130,NP,2023,3
10450,RS,2023,3
10149,VE,2023,3
9151,EC,2023,3
9089,BY,2023,3
9043,IQ,2023,3
8920,GH,2023,3
8599,KZ,2023,3
7917,KH,2023,3
7120,MM,2023,3
6954,JO,2023,3
6887,LT,2023,3
6788,GE,2023,3
6658,SK,2023,3
6409,UZ,2023,3
6395,CR,2023,3
5888,HR,2023,3
5761,DO,2023,3
5192,EE,2023,3
5051,AM,2023,3
4975,UY,2023,3
4907,LV,2023,3
4750,BO,2023,3
4476,AZ,2023,3
4454,ET,2023,3
4335,UG,2023,3
4316,SI,2023,3
4212,CM,2023,3
4172,PS,2023,3
4166,LB,2023,3
4040,GT,2023,3
3521,TZ,2023,3
3363,AL,2023,3
3361,CY,2023,3
3354,CI,2023,3
3345,MD,2023,3
3056,SV,2023,3
2830,BA,2023,3
2664,KW,2023,3
2648,MN,2023,3
2473,IS,2023,3
2446,YE,2023,3
2429,SN,2023,3
2399,RW,2023,3
2208,QA,2023,3
2189,LU,2023,3
2174,MK,2023,3
2132,PA,2023,3
2022,HN,2023,3
2016,KG,2023,3
2011,AO,2023,3
2009,MG,2023,3
1936,PR,2023,3
1873,ZW,2023,3
1845,PY,2023,3
1676,CD,2023,3
1585,OM,2023,3
1580,BJ,2023,3
1557,LY,2023,3
1497,MT,2023,3
1394,SD,2023,3
1366,NI,2023,3
1363,JM,2023,3
1358,CU,2023,3
1353,BH,2023,3
1285,ZM,2023,3
1233,LA,2023,3
1210,MU,2023,3
1196,SY,2023,3
1193,MZ,2023,3
1126,ME,2023,3
1023,TG,2023,3
1010,SO,2023,3
995,AF,2023,3
957,TT,2023,3
879,MO,2023,3
853,HT,2023,3
716,RE,2023,3
686,MV,2023,3
682,XK,2023,3
623,MW,2023,3
600,BW,2023,3
555,BF,2023,3
483,NA,2023,3
471,ML,2023,3
459,TJ,2023,3
415,BN,2023,3
385,BT,2023,3
362,SL,2023,3
350,GN,2023,3
330,AD,2023,3
292,MR,2023,3
291,SC,2023,3
274,BS,2023,3
264,CG,2023,3
263,CV,2023,3
251,LR,2023,3
242,GA,2023,3
236,BB,2023,3
233,BI,2023,3
230,GP,2023,3
218,TM,2023,3
213,GM,2023,3
211,IM,2023,3
210,JE,2023,3
203,SR,2023,3
193,MQ,2023,3
185,BM,2023,3
185,FJ,2023,3
178,NE,2023,3
178,CW,2023,3
167,NC,2023,3
166,PG,2023,3
160,LS,2023,3
158,KY,2023,3
157,BZ,2023,3
156,PF,2023,3
153,GY,2023,3
125,DJ,2023,3
121,SZ,2023,3
113,GU,2023,3
112,MC,2023,3
112,FO,2023,3
