repositories,iso2_code,year,quarter
30669781,US,2020,1
20179087,CN,2020,1
17912888,EU,2020,1
9254535,IN,2020,1
4171705,GB,2020,1
3602025,BR,2020,1
3453638,DE,2020,1
3241750,CA,2020,1
3057681,RU,2020,1
2891946,FR,2020,1
2814553,JP,2020,1
1925215,KR,2020,1
1913481,HK,2020,1
1744385,ES,2020,1
1645127,ID,2020,1
1637559,UA,2020,1
1631400,AU,2020,1
1490080,PL,2020,1
1467690,NL,2020,1
1384527,VN,2020,1
1204885,TW,2020,1
1089820,MX,2020,1
941289,SG,2020,1
874565,IT,2020,1
863354,SE,2020,1
772897,TR,2020,1
678828,CO,2020,1
651461,CH,2020,1
642600,TH,2020,1
630912,PH,2020,1
613903,IL,2020,1
608445,AR,2020,1
588881,BD,2020,1
552638,BE,2020,1
512056,PK,2020,1
473269,IE,2020,1
470719,BY,2020,1
464407,NG,2020,1
445335,DK,2020,1
440201,RO,2020,1
432883,EG,2020,1
418955,FI,2020,1
417881,ZA,2020,1
411862,CZ,2020,1
411307,PT,2020,1
399306,NZ,2020,1
388901,NO,2020,1
385216,MY,2020,1
362975,AT,2020,1
356948,PE,2020,1
353627,CL,2020,1
330409,KE,2020,1
301232,HU,2020,1
279984,BG,2020,1
260412,IR,2020,1
257723,LK,2020,1
249003,GR,2020,1
204625,RS,2020,1
198009,SA,2020,1
192760,NP,2020,1
181265,MA,2020,1
169705,AE,2020,1
151949,TN,2020,1
138828,EC,2020,1
133760,LT,2020,1
132186,KZ,2020,1
128773,EE,2020,1
125990,HR,2020,1
117394,CR,2020,1
115715,SK,2020,1
104299,VE,2020,1
99498,DZ,2020,1
89653,SI,2020,1
88459,GT,2020,1
85822,GH,2020,1
84607,LV,2020,1
83547,BO,2020,1
80828,AM,2020,1
78490,DO,2020,1
72854,KH,2020,1
68391,MM,2020,1
65571,UY,2020,1
63589,UG,2020,1
60700,MD,2020,1
59195,JO,2020,1
58900,SV,2020,1
56586,BA,2020,1
54656,AZ,2020,1
50733,IQ,2020,1
49782,UZ,2020,1
48461,GE,2020,1
44489,IS,2020,1
44258,KG,2020,1
43965,LU,2020,1
43182,PS,2020,1
42478,HN,2020,1
41500,LB,2020,1
41051,MK,2020,1
36827,AL,2020,1
35227,CM,2020,1
33274,ET,2020,1
32625,TZ,2020,1
32398,CY,2020,1
31985,YE,2020,1
30415,PR,2020,1
29848,PY,2020,1
29827,SN,2020,1
29708,RW,2020,1
29547,KW,2020,1
29377,PA,2020,1
27296,JM,2020,1
25608,MT,2020,1
25327,QA,2020,1
23059,ZW,2020,1
22849,CI,2020,1
22629,NI,2020,1
22410,MU,2020,1
20353,MN,2020,1
19047,MO,2020,1
16955,MG,2020,1
16789,HT,2020,1
13464,SY,2020,1
12908,SD,2020,1
12345,OM,2020,1
11885,TT,2020,1
11829,BH,2020,1
11573,CU,2020,1
11123,ZM,2020,1
10767,ME,2020,1
10330,MZ,2020,1
9905,AO,2020,1
9648,RE,2020,1
9322,LY,2020,1
8359,BJ,2020,1
8304,CD,2020,1
8020,LA,2020,1
7235,AF,2020,1
5714,TG,2020,1
5289,TJ,2020,1
5049,BB,2020,1
4965,MV,2020,1
4686,BW,2020,1
4645,SO,2020,1
4385,BN,2020,1
4107,MW,2020,1
3685,NA,2020,1
3249,NC,2020,1
3128,GP,2020,1
3051,BF,2020,1
3012,BM,2020,1
2918,IM,2020,1
2777,PF,2020,1
2717,JE,2020,1
2432,ML,2020,1
2414,CW,2020,1
2408,BS,2020,1
2377,SL,2020,1
2304,GA,2020,1
2303,CV,2020,1
2277,KY,2020,1
2183,BT,2020,1
2112,MQ,2020,1
2109,AD,2020,1
2090,GY,2020,1
2057,MR,2020,1
2018,GM,2020,1
1971,FJ,2020,1
1961,GU,2020,1
1762,LR,2020,1
1712,BZ,2020,1
1676,MC,2020,1
1656,SR,2020,1
1586,GN,2020,1
1579,BI,2020,1
1547,NE,2020,1
1489,GI,2020,1
1396,FO,2020,1
1354,LI,2020,1
1303,PG,2020,1
1235,SZ,2020,1
1167,LS,2020,1
1086,GG,2020,1
1037,CG,2020,1
1033,SC,2020,1
956,LC,2020,1
899,AW,2020,1
876,GD,2020,1
849,GF,2020,1
824,VI,2020,1
753,TL,2020,1
724,DJ,2020,1
697,SM,2020,1
665,AG,2020,1
644,TM,2020,1
605,TC,2020,1
594,VC,2020,1
582,AX,2020,1
482,SB,2020,1
391,KN,2020,1
387,SX,2020,1
379,VG,2020,1
354,SS,2020,1
338,YT,2020,1
315,DM,2020,1
295,GL,2020,1
288,BQ,2020,1
279,TD,2020,1
257,MP,2020,1
239,VU,2020,1
202,WS,2020,1
194,KM,2020,1
178,GQ,2020,1
168,FM,2020,1
144,ST,2020,1
112,AQ,2020,1
32228820,US,2020,2
20997584,CN,2020,2
19058472,EU,2020,2
10503365,IN,2020,2
4339230,GB,2020,2
3977667,BR,2020,2
3661059,DE,2020,2
3477699,CA,2020,2
3351449,RU,2020,2
3087477,FR,2020,2
3050731,JP,2020,2
2363440,HK,2020,2
2124008,KR,2020,2
1848052,ES,2020,2
1820011,ID,2020,2
1763034,UA,2020,2
1739442,AU,2020,2
1597433,PL,2020,2
1544400,NL,2020,2
1502575,VN,2020,2
1314373,TW,2020,2
1184402,MX,2020,2
983324,SG,2020,2
940308,IT,2020,2
904517,SE,2020,2
877798,TR,2020,2
754217,CO,2020,2
678022,TH,2020,2
674367,CH,2020,2
670189,AR,2020,2
666922,PH,2020,2
660685,IL,2020,2
656174,BD,2020,2
595155,PK,2020,2
586300,BE,2020,2
563282,NG,2020,2
508387,IE,2020,2
504930,BY,2020,2
490228,EG,2020,2
478016,RO,2020,2
466211,DK,2020,2
461824,ZA,2020,2
446308,PT,2020,2
440690,FI,2020,2
435995,CZ,2020,2
421511,NZ,2020,2
420621,MY,2020,2
408749,NO,2020,2
391794,PE,2020,2
384839,AT,2020,2
381996,CL,2020,2
366654,KE,2020,2
336201,HU,2020,2
294841,BG,2020,2
285947,LK,2020,2
284253,IR,2020,2
269376,GR,2020,2
219683,SA,2020,2
219118,RS,2020,2
217348,NP,2020,2
204859,MA,2020,2
186576,AE,2020,2
170696,TN,2020,2
153193,EC,2020,2
146377,KZ,2020,2
142760,LT,2020,2
135575,EE,2020,2
135062,HR,2020,2
127659,CR,2020,2
126624,SK,2020,2
112074,DZ,2020,2
111811,VE,2020,2
98017,GT,2020,2
97581,GH,2020,2
94129,SI,2020,2
91412,BO,2020,2
90652,LV,2020,2
87884,AM,2020,2
87198,DO,2020,2
77418,MM,2020,2
76102,KH,2020,2
70318,UY,2020,2
68264,UG,2020,2
66876,MD,2020,2
65843,SV,2020,2
65129,JO,2020,2
60863,BA,2020,2
60739,AZ,2020,2
58213,IQ,2020,2
57467,UZ,2020,2
52938,GE,2020,2
49220,KG,2020,2
48346,PS,2020,2
46939,IS,2020,2
45648,HN,2020,2
45209,MK,2020,2
44660,LB,2020,2
42387,LU,2020,2
40665,AL,2020,2
39792,CM,2020,2
38033,ET,2020,2
36202,TZ,2020,2
34912,KW,2020,2
34072,CY,2020,2
34013,SN,2020,2
33766,YE,2020,2
33273,PR,2020,2
32863,RW,2020,2
32439,PY,2020,2
32128,PA,2020,2
29970,JM,2020,2
27326,QA,2020,2
26801,MT,2020,2
26188,CI,2020,2
25478,ZW,2020,2
24938,NI,2020,2
23409,MU,2020,2
22212,MN,2020,2
18795,MO,2020,2
18279,MG,2020,2
17493,HT,2020,2
15279,SY,2020,2
14497,SD,2020,2
14427,OM,2020,2
13465,TT,2020,2
13379,BH,2020,2
13348,CU,2020,2
12302,ZM,2020,2
12007,ME,2020,2
11713,AO,2020,2
11669,MZ,2020,2
10909,LY,2020,2
10455,RE,2020,2
9621,CD,2020,2
9388,BJ,2020,2
8699,LA,2020,2
8175,AF,2020,2
6553,TG,2020,2
5565,MV,2020,2
5527,TJ,2020,2
5305,BB,2020,2
5179,SO,2020,2
5164,BW,2020,2
4698,BN,2020,2
4534,MW,2020,2
4324,NA,2020,2
3569,IM,2020,2
3506,BF,2020,2
3264,NC,2020,2
3215,GP,2020,2
3210,BM,2020,2
3069,JE,2020,2
2929,PF,2020,2
2801,CW,2020,2
2722,BS,2020,2
2697,MQ,2020,2
2639,BT,2020,2
2623,AD,2020,2
2608,SL,2020,2
2565,CV,2020,2
2533,ML,2020,2
2431,GA,2020,2
2370,GM,2020,2
2341,MR,2020,2
2167,GY,2020,2
2065,GU,2020,2
2006,FJ,2020,2
1869,BI,2020,2
1865,NE,2020,2
1858,SR,2020,2
1836,LR,2020,2
1803,BZ,2020,2
1750,GI,2020,2
1731,GN,2020,2
1653,KY,2020,2
1538,FO,2020,2
1485,LI,2020,2
1451,PG,2020,2
1334,LS,2020,2
1310,MC,2020,2
1282,SZ,2020,2
1148,AW,2020,2
1079,CG,2020,2
1065,LC,2020,2
1019,GF,2020,2
989,SC,2020,2
982,GD,2020,2
978,GG,2020,2
934,VI,2020,2
895,VG,2020,2
750,AG,2020,2
731,DJ,2020,2
712,TL,2020,2
697,SM,2020,2
652,VC,2020,2
610,AX,2020,2
585,TC,2020,2
567,TM,2020,2
450,KN,2020,2
434,SB,2020,2
396,SS,2020,2
388,TD,2020,2
350,DM,2020,2
336,GL,2020,2
336,SX,2020,2
325,MP,2020,2
313,YT,2020,2
312,BQ,2020,2
260,VU,2020,2
258,AI,2020,2
229,KM,2020,2
208,WS,2020,2
195,GQ,2020,2
166,ST,2020,2
151,ER,2020,2
147,FM,2020,2
118,TO,2020,2
33728467,US,2020,3
21399767,CN,2020,3
19994860,EU,2020,3
11823607,IN,2020,3
4483262,GB,2020,3
4359081,BR,2020,3
3843586,DE,2020,3
3700698,CA,2020,3
3589415,RU,2020,3
3325888,JP,2020,3
3201888,FR,2020,3
2765031,HK,2020,3
2366112,KR,2020,3
1984551,ID,2020,3
1936334,ES,2020,3
1872785,UA,2020,3
1832546,AU,2020,3
1671074,PL,2020,3
1624749,VN,2020,3
1607196,NL,2020,3
1425531,TW,2020,3
1302261,SG,2020,3
1274788,MX,2020,3
1009908,IT,2020,3
963957,TR,2020,3
946551,SE,2020,3
831521,CO,2020,3
753764,BD,2020,3
737110,AR,2020,3
718239,TH,2020,3
704037,CH,2020,3
699981,IL,2020,3
699277,PH,2020,3
668520,PK,2020,3
646128,NG,2020,3
616080,BE,2020,3
542513,EG,2020,3
529619,BY,2020,3
526508,IE,2020,3
504541,RO,2020,3
486755,DK,2020,3
484335,ZA,2020,3
474107,PT,2020,3
462764,FI,2020,3
456119,CZ,2020,3
454396,MY,2020,3
443935,NZ,2020,3
431402,NO,2020,3
424103,PE,2020,3
416534,CL,2020,3
404875,KE,2020,3
403326,AT,2020,3
360912,HU,2020,3
311970,IR,2020,3
311354,LK,2020,3
307934,BG,2020,3
295985,GR,2020,3
246231,NP,2020,3
239152,SA,2020,3
233366,RS,2020,3
222346,MA,2020,3
197715,AE,2020,3
189112,TN,2020,3
169760,EC,2020,3
158665,KZ,2020,3
153528,LT,2020,3
145711,HR,2020,3
145276,EE,2020,3
134310,CR,2020,3
133807,SK,2020,3
122857,DZ,2020,3
121298,VE,2020,3
113204,GH,2020,3
110501,GT,2020,3
99402,BO,2020,3
99097,DO,2020,3
98185,SI,2020,3
96842,LV,2020,3
93973,AM,2020,3
88377,MM,2020,3
81023,KH,2020,3
76842,UY,2020,3
74406,UG,2020,3
72604,MD,2020,3
72181,JO,2020,3
71855,SV,2020,3
67931,AZ,2020,3
66760,UZ,2020,3
66184,BA,2020,3
62533,IQ,2020,3
58388,GE,2020,3
54317,KG,2020,3
51097,PS,2020,3
50066,IS,2020,3
49495,LB,2020,3
49281,HN,2020,3
48776,MK,2020,3
45642,CM,2020,3
44681,LU,2020,3
44084,AL,2020,3
41553,ET,2020,3
39911,KW,2020,3
38940,TZ,2020,3
37951,CY,2020,3
37535,SN,2020,3
36151,RW,2020,3
35713,PR,2020,3
35277,PY,2020,3
34302,PA,2020,3
32126,JM,2020,3
29224,QA,2020,3
29011,CI,2020,3
27765,ZW,2020,3
27311,MT,2020,3
27154,NI,2020,3
24837,MU,2020,3
24090,MN,2020,3
22863,YE,2020,3
22351,MO,2020,3
20775,MG,2020,3
18093,HT,2020,3
17103,SY,2020,3
16291,OM,2020,3
15769,SD,2020,3
14664,CU,2020,3
14495,BH,2020,3
14232,TT,2020,3
13986,ZM,2020,3
13709,AO,2020,3
13156,ME,2020,3
13067,MZ,2020,3
11621,LY,2020,3
11364,RE,2020,3
11149,CD,2020,3
10814,BJ,2020,3
9747,LA,2020,3
9104,AF,2020,3
7404,TG,2020,3
6295,SO,2020,3
6221,MV,2020,3
6176,TJ,2020,3
5746,BB,2020,3
5714,BW,2020,3
5041,BN,2020,3
5029,MW,2020,3
4937,NA,2020,3
3935,BF,2020,3
3895,IM,2020,3
3540,NC,2020,3
3457,BT,2020,3
3347,GP,2020,3
3276,JE,2020,3
3190,SL,2020,3
3160,MQ,2020,3
2857,GA,2020,3
2850,BM,2020,3
2841,PF,2020,3
2814,ML,2020,3
2780,CW,2020,3
2777,AD,2020,3
2764,MR,2020,3
2755,BS,2020,3
2741,CV,2020,3
2534,GM,2020,3
2315,GU,2020,3
2297,GY,2020,3
2290,BI,2020,3
2244,NE,2020,3
2235,FJ,2020,3
2146,SR,2020,3
2123,LR,2020,3
2045,BZ,2020,3
1890,GN,2020,3
1734,KY,2020,3
1717,PG,2020,3
1714,FO,2020,3
1696,GI,2020,3
1631,MC,2020,3
1526,LS,2020,3
1467,SZ,2020,3
1448,LI,2020,3
1247,AW,2020,3
1245,LC,2020,3
1186,CG,2020,3
1125,VI,2020,3
1124,GG,2020,3
987,GD,2020,3
934,SC,2020,3
859,GF,2020,3
824,AX,2020,3
804,SM,2020,3
782,DJ,2020,3
770,TM,2020,3
675,GQ,2020,3
673,VC,2020,3
665,TL,2020,3
579,VG,2020,3
545,AG,2020,3
479,KN,2020,3
472,SB,2020,3
460,GL,2020,3
456,TC,2020,3
430,TD,2020,3
419,MP,2020,3
396,DM,2020,3
392,SS,2020,3
357,YT,2020,3
318,SX,2020,3
317,BQ,2020,3
269,KM,2020,3
263,VU,2020,3
220,WS,2020,3
208,AI,2020,3
162,ST,2020,3
155,ER,2020,3
135,FM,2020,3
126,CK,2020,3
125,TO,2020,3
35235403,US,2020,4
22263274,CN,2020,4
21222112,EU,2020,4
13198250,IN,2020,4
4738244,GB,2020,4
4698298,BR,2020,4
4053857,DE,2020,4
3899588,RU,2020,4
3877017,CA,2020,4
3527022,JP,2020,4
3401534,FR,2020,4
2964118,HK,2020,4
2574834,KR,2020,4
2235187,ID,2020,4
2087164,ES,2020,4
2000902,UA,2020,4
1899179,AU,2020,4
1763313,PL,2020,4
1759974,VN,2020,4
1691351,NL,2020,4
1517347,TW,2020,4
1446772,SG,2020,4
1385699,MX,2020,4
1076753,IT,2020,4
1061452,TR,2020,4
1006645,SE,2020,4
906309,CO,2020,4
846422,BD,2020,4
802976,AR,2020,4
762115,TH,2020,4
751758,CH,2020,4
749790,PH,2020,4
749171,IL,2020,4
745658,PK,2020,4
711318,NG,2020,4
656456,BE,2020,4
617998,EG,2020,4
562170,BY,2020,4
556511,IE,2020,4
539489,RO,2020,4
518646,DK,2020,4
511881,ZA,2020,4
510777,PT,2020,4
488533,MY,2020,4
487701,FI,2020,4
481482,CZ,2020,4
460895,NZ,2020,4
459272,NO,2020,4
456011,PE,2020,4
447182,CL,2020,4
436666,KE,2020,4
432228,AT,2020,4
384741,HU,2020,4
343034,LK,2020,4
336223,IR,2020,4
323676,BG,2020,4
314485,GR,2020,4
270339,NP,2020,4
257700,SA,2020,4
249462,RS,2020,4
244387,MA,2020,4
220636,AE,2020,4
214099,TN,2020,4
185201,EC,2020,4
175436,KZ,2020,4
163320,LT,2020,4
155885,EE,2020,4
152632,HR,2020,4
144222,CR,2020,4
140388,SK,2020,4
132912,DZ,2020,4
129941,VE,2020,4
122139,GH,2020,4
119398,GT,2020,4
107779,BO,2020,4
107604,DO,2020,4
104634,LV,2020,4
103424,SI,2020,4
99441,AM,2020,4
98061,MM,2020,4
86919,UY,2020,4
85988,KH,2020,4
81255,JO,2020,4
80544,UZ,2020,4
79647,UG,2020,4
78849,MD,2020,4
77917,SV,2020,4
70600,BA,2020,4
69848,AZ,2020,4
67962,IQ,2020,4
66031,GE,2020,4
62665,KG,2020,4
57281,PS,2020,4
54794,LB,2020,4
52735,HN,2020,4
52380,MK,2020,4
51332,IS,2020,4
50236,CM,2020,4
47304,AL,2020,4
46187,LU,2020,4
46174,ET,2020,4
42995,KW,2020,4
41368,SN,2020,4
40770,TZ,2020,4
40447,RW,2020,4
38749,CY,2020,4
38083,PY,2020,4
37262,PR,2020,4
37015,PA,2020,4
34558,JM,2020,4
31131,QA,2020,4
31097,CI,2020,4
30084,MT,2020,4
29300,NI,2020,4
29295,ZW,2020,4
27264,MU,2020,4
26592,MN,2020,4
25291,YE,2020,4
24483,MO,2020,4
22396,MG,2020,4
19016,SY,2020,4
18412,HT,2020,4
18309,OM,2020,4
17514,SD,2020,4
15916,CU,2020,4
15713,BH,2020,4
15351,AO,2020,4
15101,TT,2020,4
15040,ZM,2020,4
14051,MZ,2020,4
13442,ME,2020,4
12512,LY,2020,4
12484,RE,2020,4
12380,CD,2020,4
11962,BJ,2020,4
10552,LA,2020,4
10337,AF,2020,4
8197,TG,2020,4
7670,TJ,2020,4
7304,SO,2020,4
7114,MV,2020,4
7004,BB,2020,4
6373,BW,2020,4
5712,NA,2020,4
5629,MW,2020,4
5609,BN,2020,4
4888,BF,2020,4
4295,IM,2020,4
4162,BT,2020,4
4127,JE,2020,4
3841,MQ,2020,4
3751,SL,2020,4
3629,NC,2020,4
3522,GP,2020,4
3197,BM,2020,4
3184,ML,2020,4
3178,GA,2020,4
3081,PF,2020,4
3036,MR,2020,4
3027,AD,2020,4
3007,CW,2020,4
2910,CV,2020,4
2850,GU,2020,4
2823,BS,2020,4
2814,GM,2020,4
2710,NE,2020,4
2678,GY,2020,4
2624,BI,2020,4
2412,LR,2020,4
2356,SR,2020,4
2320,BZ,2020,4
2278,GN,2020,4
2263,FJ,2020,4
1950,PG,2020,4
1817,MC,2020,4
1784,KY,2020,4
1728,LS,2020,4
1727,GI,2020,4
1706,FO,2020,4
1647,SZ,2020,4
1632,LI,2020,4
1415,CG,2020,4
1366,AW,2020,4
1300,LC,2020,4
1177,VI,2020,4
1160,AX,2020,4
1151,SC,2020,4
1125,GG,2020,4
1108,GD,2020,4
1097,TM,2020,4
981,ER,2020,4
904,SM,2020,4
884,GF,2020,4
826,DJ,2020,4
740,GQ,2020,4
734,TL,2020,4
683,VC,2020,4
662,TC,2020,4
597,VG,2020,4
581,AG,2020,4
565,MP,2020,4
525,TD,2020,4
514,KN,2020,4
494,SB,2020,4
489,SX,2020,4
467,SS,2020,4
420,AI,2020,4
419,DM,2020,4
409,YT,2020,4
384,GL,2020,4
336,KM,2020,4
315,BQ,2020,4
288,VU,2020,4
227,WS,2020,4
161,ST,2020,4
136,FM,2020,4
130,GW,2020,4
124,AQ,2020,4
114,TO,2020,4
106,CK,2020,4
37022184,US,2021,1
22751931,CN,2021,1
22492759,EU,2021,1
14556283,IN,2021,1
5097515,BR,2021,1
4954273,GB,2021,1
4266647,DE,2021,1
4204548,RU,2021,1
4129931,CA,2021,1
3777695,JP,2021,1
3603008,FR,2021,1
3353169,HK,2021,1
2826907,KR,2021,1
2430536,ID,2021,1
2255957,ES,2021,1
2131400,UA,2021,1
1979196,AU,2021,1
1871574,VN,2021,1
1866607,PL,2021,1
1759269,NL,2021,1
1642318,TW,2021,1
1499021,MX,2021,1
1360373,SG,2021,1
1189279,TR,2021,1
1157560,IT,2021,1
1059310,SE,2021,1
985427,CO,2021,1
973847,BD,2021,1
867545,AR,2021,1
830786,PK,2021,1
817844,TH,2021,1
810258,CH,2021,1
803452,PH,2021,1
799616,IL,2021,1
777768,NG,2021,1
697807,EG,2021,1
691281,BE,2021,1
599494,BY,2021,1
589531,IE,2021,1
583173,RO,2021,1
546763,PT,2021,1
546369,ZA,2021,1
542598,DK,2021,1
517898,MY,2021,1
515393,FI,2021,1
508025,CZ,2021,1
485312,PE,2021,1
481475,NO,2021,1
480221,NZ,2021,1
476210,CL,2021,1
474270,KE,2021,1
460461,AT,2021,1
410758,HU,2021,1
369222,LK,2021,1
364203,IR,2021,1
345558,BG,2021,1
335338,GR,2021,1
291029,NP,2021,1
280388,SA,2021,1
278303,MA,2021,1
264888,RS,2021,1
244762,AE,2021,1
244574,TN,2021,1
202505,EC,2021,1
198176,KZ,2021,1
175302,LT,2021,1
165655,EE,2021,1
161069,HR,2021,1
159554,CR,2021,1
150721,SK,2021,1
145453,DZ,2021,1
141092,VE,2021,1
134294,GH,2021,1
130889,GT,2021,1
117653,DO,2021,1
115654,BO,2021,1
112042,LV,2021,1
107980,SI,2021,1
107371,AM,2021,1
100511,MM,2021,1
98840,UZ,2021,1
93498,JO,2021,1
93211,UY,2021,1
91196,KH,2021,1
85431,MD,2021,1
83776,SV,2021,1
80280,UG,2021,1
79660,AZ,2021,1
79192,BA,2021,1
76728,IQ,2021,1
73556,GE,2021,1
71907,KG,2021,1
64286,PS,2021,1
61393,LB,2021,1
56924,HN,2021,1
56561,MK,2021,1
55737,CM,2021,1
53708,IS,2021,1
52868,ET,2021,1
51428,AL,2021,1
48802,LU,2021,1
47579,SN,2021,1
46730,KW,2021,1
45118,RW,2021,1
44127,TZ,2021,1
42184,CY,2021,1
41843,PR,2021,1
40556,PY,2021,1
40442,PA,2021,1
37308,JM,2021,1
34467,CI,2021,1
33866,QA,2021,1
32060,ZW,2021,1
31985,NI,2021,1
31767,MT,2021,1
29639,MN,2021,1
28648,MU,2021,1
28115,YE,2021,1
25777,MO,2021,1
25621,MG,2021,1
20669,OM,2021,1
20173,SY,2021,1
19983,SD,2021,1
19059,HT,2021,1
17895,BH,2021,1
17891,ZM,2021,1
17572,AO,2021,1
17302,CU,2021,1
16113,TT,2021,1
15560,MZ,2021,1
14311,RE,2021,1
14306,ME,2021,1
14251,CD,2021,1
13786,BJ,2021,1
13464,LY,2021,1
11903,AF,2021,1
11310,LA,2021,1
9491,TJ,2021,1
9457,TG,2021,1
8724,SO,2021,1
7973,MV,2021,1
7811,BB,2021,1
7109,BW,2021,1
6241,BN,2021,1
6176,MW,2021,1
5835,NA,2021,1
5545,BF,2021,1
4583,IM,2021,1
4576,BT,2021,1
4422,SL,2021,1
3969,MQ,2021,1
3904,NC,2021,1
3873,GP,2021,1
3704,BM,2021,1
3645,MR,2021,1
3641,JE,2021,1
3539,ML,2021,1
3526,AD,2021,1
3377,CV,2021,1
3333,GM,2021,1
3306,GA,2021,1
3282,PF,2021,1
3198,CW,2021,1
3135,BS,2021,1
3059,KY,2021,1
2926,BI,2021,1
2874,GY,2021,1
2865,SR,2021,1
2858,NE,2021,1
2802,GU,2021,1
2729,LR,2021,1
2604,BZ,2021,1
2471,GN,2021,1
2466,SC,2021,1
2376,FJ,2021,1
2372,ER,2021,1
2331,PG,2021,1
2000,LS,2021,1
1950,FO,2021,1
1843,SZ,2021,1
1759,GI,2021,1
1691,CG,2021,1
1687,MC,2021,1
1646,LI,2021,1
1584,AW,2021,1
1553,GG,2021,1
1368,VI,2021,1
1313,LC,2021,1
1241,AX,2021,1
1201,TM,2021,1
1189,GD,2021,1
1101,DJ,2021,1
1092,GF,2021,1
850,SM,2021,1
840,GQ,2021,1
774,VC,2021,1
751,TL,2021,1
750,TD,2021,1
741,SB,2021,1
717,KN,2021,1
710,AG,2021,1
704,TC,2021,1
653,SX,2021,1
584,MP,2021,1
544,DM,2021,1
533,VG,2021,1
465,SS,2021,1
447,KM,2021,1
433,YT,2021,1
412,GL,2021,1
361,AI,2021,1
345,VU,2021,1
280,BQ,2021,1
243,WS,2021,1
198,ST,2021,1
123,TO,2021,1
107,PW,2021,1
102,CK,2021,1
101,CF,2021,1
101,AQ,2021,1
38692624,US,2021,2
23768538,EU,2021,2
22458670,CN,2021,2
16439253,IN,2021,2
5585692,BR,2021,2
5245698,GB,2021,2
4532045,RU,2021,2
4530093,DE,2021,2
4322917,CA,2021,2
4142851,JP,2021,2
4062691,HK,2021,2
3796318,FR,2021,2
3114623,KR,2021,2
2676484,ID,2021,2
2388864,ES,2021,2
2263373,UA,2021,2
2074820,AU,2021,2
2046030,VN,2021,2
1975874,PL,2021,2
1860790,NL,2021,2
1785446,TW,2021,2
1624474,SG,2021,2
1617585,MX,2021,2
1321915,TR,2021,2
1237842,IT,2021,2
1110180,SE,2021,2
1090960,BD,2021,2
1071589,CO,2021,2
965194,AR,2021,2
924528,PK,2021,2
874609,TH,2021,2
871126,NG,2021,2
864248,PH,2021,2
854742,IL,2021,2
850839,CH,2021,2
732519,EG,2021,2
728491,BE,2021,2
632531,BY,2021,2
621278,RO,2021,2
611828,IE,2021,2
591186,ZA,2021,2
580698,PT,2021,2
565778,DK,2021,2
552188,MY,2021,2
538944,FI,2021,2
537064,CZ,2021,2
527124,PE,2021,2
519188,KE,2021,2
516332,CL,2021,2
501190,NO,2021,2
501152,NZ,2021,2
483269,AT,2021,2
428303,HU,2021,2
404800,LK,2021,2
396595,IR,2021,2
362560,BG,2021,2
355282,GR,2021,2
327362,NP,2021,2
312563,MA,2021,2
302330,SA,2021,2
281167,RS,2021,2
275914,TN,2021,2
268701,AE,2021,2
221886,EC,2021,2
213693,KZ,2021,2
187989,LT,2021,2
173971,CR,2021,2
171553,EE,2021,2
171074,HR,2021,2
161062,DZ,2021,2
157765,SK,2021,2
153270,VE,2021,2
149458,GH,2021,2
145212,GT,2021,2
127405,DO,2021,2
125608,BO,2021,2
122123,UZ,2021,2
121815,LV,2021,2
117083,AM,2021,2
113060,SI,2021,2
108771,JO,2021,2
98332,KH,2021,2
96591,UY,2021,2
91431,MD,2021,2
90901,AZ,2021,2
90680,SV,2021,2
89173,IQ,2021,2
87530,UG,2021,2
86218,MM,2021,2
84778,BA,2021,2
82888,KG,2021,2
82348,GE,2021,2
70423,PS,2021,2
69119,LB,2021,2
62777,HN,2021,2
61711,CM,2021,2
60798,MK,2021,2
60180,ET,2021,2
55109,IS,2021,2
54854,AL,2021,2
52501,LU,2021,2
52371,SN,2021,2
50415,RW,2021,2
49697,TZ,2021,2
49406,KW,2021,2
45888,CY,2021,2
44076,PA,2021,2
43505,PY,2021,2
42876,PR,2021,2
39350,JM,2021,2
38647,CI,2021,2
36209,QA,2021,2
34701,ZW,2021,2
34661,NI,2021,2
33437,MT,2021,2
33194,MN,2021,2
31487,YE,2021,2
29965,MU,2021,2
28577,MO,2021,2
28048,MG,2021,2
23290,SY,2021,2
23285,OM,2021,2
22140,SD,2021,2
21033,AO,2021,2
20291,BH,2021,2
19787,CU,2021,2
19708,ZM,2021,2
19331,HT,2021,2
17446,TT,2021,2
17397,MZ,2021,2
16312,CD,2021,2
16014,BJ,2021,2
15391,RE,2021,2
15249,ME,2021,2
14899,LY,2021,2
13803,AF,2021,2
12456,LA,2021,2
10782,TG,2021,2
10469,TJ,2021,2
9847,SO,2021,2
9144,MV,2021,2
8530,BW,2021,2
7797,BB,2021,2
7277,NA,2021,2
7044,BN,2021,2
6988,MW,2021,2
6430,BF,2021,2
5000,BT,2021,2
4801,SL,2021,2
4745,IM,2021,2
4705,JE,2021,2
4268,GP,2021,2
4265,MQ,2021,2
4171,NC,2021,2
4018,ML,2021,2
3951,MR,2021,2
3924,CV,2021,2
3821,BS,2021,2
3748,AD,2021,2
3724,GM,2021,2
3656,BM,2021,2
3649,GA,2021,2
3527,PF,2021,2
3379,KY,2021,2
3374,LR,2021,2
3242,GY,2021,2
3225,BI,2021,2
3219,ER,2021,2
3199,CW,2021,2
3124,SR,2021,2
2982,GN,2021,2
2960,GU,2021,2
2941,BZ,2021,2
2915,NE,2021,2
2703,PG,2021,2
2618,FJ,2021,2
2377,SC,2021,2
2236,GI,2021,2
2231,LS,2021,2
2157,CG,2021,2
2057,SZ,2021,2
2022,FO,2021,2
1869,LI,2021,2
1825,TM,2021,2
1790,VI,2021,2
1715,GG,2021,2
1631,MC,2021,2
1545,AW,2021,2
1473,AX,2021,2
1371,LC,2021,2
1296,GD,2021,2
1213,DJ,2021,2
1198,GF,2021,2
1110,SX,2021,2
953,SM,2021,2
923,GQ,2021,2
903,VC,2021,2
837,TL,2021,2
836,TD,2021,2
823,AG,2021,2
776,SB,2021,2
757,KN,2021,2
738,SS,2021,2
721,TC,2021,2
686,GL,2021,2
631,MP,2021,2
615,VG,2021,2
589,DM,2021,2
494,YT,2021,2
484,AI,2021,2
476,KM,2021,2
382,BQ,2021,2
370,VU,2021,2
279,MF,2021,2
257,WS,2021,2
251,ST,2021,2
168,CF,2021,2
151,FM,2021,2
146,AQ,2021,2
126,GW,2021,2
123,PW,2021,2
122,TO,2021,2
40342046,US,2021,3
24917609,EU,2021,3
22789924,CN,2021,3
18337031,IN,2021,3
6143363,BR,2021,3
5460916,GB,2021,3
4839936,RU,2021,3
4734599,DE,2021,3
4593211,HK,2021,3
4548211,CA,2021,3
4379974,JP,2021,3
3964650,FR,2021,3
3363646,KR,2021,3
2939064,ID,2021,3
2494913,ES,2021,3
2399928,UA,2021,3
2244560,VN,2021,3
2190863,AU,2021,3
2055354,PL,2021,3
1955430,NL,2021,3
1871315,TW,2021,3
1743153,SG,2021,3
1740510,MX,2021,3
1440650,TR,2021,3
1318899,IT,2021,3
1285672,BD,2021,3
1177190,CO,2021,3
1151632,SE,2021,3
1070330,AR,2021,3
1031320,PK,2021,3
958859,NG,2021,3
934180,PH,2021,3
931597,TH,2021,3
909326,IL,2021,3
890015,CH,2021,3
809687,EG,2021,3
754544,BE,2021,3
663508,BY,2021,3
651680,RO,2021,3
639575,IE,2021,3
630913,ZA,2021,3
611795,PT,2021,3
589898,DK,2021,3
586408,MY,2021,3
567869,PE,2021,3
565746,FI,2021,3
563936,KE,2021,3
561848,CZ,2021,3
550327,CL,2021,3
525291,NZ,2021,3
523338,NO,2021,3
520898,AT,2021,3
455206,HU,2021,3
453629,LK,2021,3
435270,IR,2021,3
385988,GR,2021,3
379183,BG,2021,3
357994,NP,2021,3
349212,MA,2021,3
330600,SA,2021,3
305771,TN,2021,3
299526,RS,2021,3
291285,AE,2021,3
244612,EC,2021,3
229062,KZ,2021,3
202996,LT,2021,3
185609,CR,2021,3
184791,HR,2021,3
181991,EE,2021,3
181234,DZ,2021,3
168307,GH,2021,3
165633,SK,2021,3
165237,VE,2021,3
159976,GT,2021,3
148973,UZ,2021,3
136296,DO,2021,3
135692,BO,2021,3
129484,LV,2021,3
127001,AM,2021,3
126530,JO,2021,3
118470,SI,2021,3
105848,IQ,2021,3
104760,KH,2021,3
104751,UY,2021,3
102406,AZ,2021,3
99254,SV,2021,3
99043,MD,2021,3
98002,UG,2021,3
93072,KG,2021,3
92848,GE,2021,3
91829,MM,2021,3
90443,BA,2021,3
77342,PS,2021,3
74595,LB,2021,3
71674,ET,2021,3
68819,HN,2021,3
68798,CM,2021,3
64349,MK,2021,3
58435,IS,2021,3
57898,SN,2021,3
56840,LU,2021,3
56290,AL,2021,3
55863,RW,2021,3
55049,TZ,2021,3
51279,KW,2021,3
50689,CY,2021,3
48104,PA,2021,3
47050,PY,2021,3
46369,PR,2021,3
43525,CI,2021,3
41957,JM,2021,3
39162,ZW,2021,3
38527,QA,2021,3
37810,NI,2021,3
35360,MN,2021,3
35353,YE,2021,3
34877,MT,2021,3
30809,MG,2021,3
30347,MU,2021,3
27152,MO,2021,3
26037,SY,2021,3
25452,OM,2021,3
24584,SD,2021,3
24392,AO,2021,3
22289,ZM,2021,3
21382,BH,2021,3
21045,CU,2021,3
19490,HT,2021,3
19441,MZ,2021,3
19219,BJ,2021,3
18447,TT,2021,3
18210,CD,2021,3
17889,ME,2021,3
16705,RE,2021,3
16506,LY,2021,3
15554,AF,2021,3
13935,LA,2021,3
12246,TG,2021,3
11927,TJ,2021,3
11593,SO,2021,3
9926,MV,2021,3
9683,BW,2021,3
7970,MW,2021,3
7909,BB,2021,3
7905,NA,2021,3
7529,BN,2021,3
7480,BF,2021,3
5697,BT,2021,3
5410,SL,2021,3
5191,IM,2021,3
4982,JE,2021,3
4964,ML,2021,3
4841,MQ,2021,3
4789,GP,2021,3
4601,MR,2021,3
4518,AD,2021,3
4425,NC,2021,3
4173,CV,2021,3
4146,GA,2021,3
3974,GM,2021,3
3957,BS,2021,3
3924,LR,2021,3
3754,BZ,2021,3
3705,PF,2021,3
3635,BI,2021,3
3529,CW,2021,3
3418,GY,2021,3
3349,BM,2021,3
3287,GU,2021,3
3255,GN,2021,3
3168,NE,2021,3
3100,PG,2021,3
3091,SC,2021,3
3014,SR,2021,3
2823,FJ,2021,3
2628,LS,2021,3
2601,KY,2021,3
2584,ER,2021,3
2471,CG,2021,3
2276,SZ,2021,3
2214,MC,2021,3
2214,GI,2021,3
2206,FO,2021,3
2155,TM,2021,3
1885,VI,2021,3
1796,GG,2021,3
1779,LI,2021,3
1674,LC,2021,3
1608,AW,2021,3
1598,GD,2021,3
1415,AX,2021,3
1195,GF,2021,3
1185,DJ,2021,3
998,SM,2021,3
957,TD,2021,3
890,SS,2021,3
842,VC,2021,3
814,KN,2021,3
796,AG,2021,3
783,TL,2021,3
782,SB,2021,3
746,MP,2021,3
658,DM,2021,3
626,KM,2021,3
608,TC,2021,3
597,GL,2021,3
587,VG,2021,3
517,YT,2021,3
495,GQ,2021,3
458,SX,2021,3
369,VU,2021,3
320,AI,2021,3
301,WS,2021,3
273,MF,2021,3
268,BQ,2021,3
248,ST,2021,3
176,CF,2021,3
155,FM,2021,3
138,GW,2021,3
130,TO,2021,3
130,PW,2021,3
129,PM,2021,3
104,CK,2021,3
42333711,US,2021,4
26347086,EU,2021,4
22678026,CN,2021,4
19972109,IN,2021,4
6636791,BR,2021,4
5805239,GB,2021,4
5226931,RU,2021,4
5021657,HK,2021,4
4975085,DE,2021,4
4832161,CA,2021,4
4661835,JP,2021,4
4187331,FR,2021,4
3598136,KR,2021,4
3266159,ID,2021,4
2669934,ES,2021,4
2562395,UA,2021,4
2449850,VN,2021,4
2283905,AU,2021,4
2171844,PL,2021,4
2073746,NL,2021,4
1981192,TW,2021,4
1908542,SG,2021,4
1873602,MX,2021,4
1575780,TR,2021,4
1561763,BD,2021,4
1395205,IT,2021,4
1295439,CO,2021,4
1222503,SE,2021,4
1180271,AR,2021,4
1138889,PK,2021,4
1045510,NG,2021,4
1010692,PH,2021,4
993799,TH,2021,4
969678,IL,2021,4
946785,CH,2021,4
890028,EG,2021,4
795948,BE,2021,4
700420,BY,2021,4
693017,RO,2021,4
673027,IE,2021,4
670555,ZA,2021,4
661508,PT,2021,4
627543,MY,2021,4
624720,DK,2021,4
611180,KE,2021,4
609800,PE,2021,4
597757,CZ,2021,4
596053,FI,2021,4
580937,CL,2021,4
552779,NO,2021,4
546702,NZ,2021,4
534882,AT,2021,4
495476,LK,2021,4
487700,IR,2021,4
483172,HU,2021,4
396076,BG,2021,4
394838,GR,2021,4
383013,MA,2021,4
379467,NP,2021,4
374531,SA,2021,4
338230,TN,2021,4
327795,AE,2021,4
323279,RS,2021,4
263302,EC,2021,4
246515,KZ,2021,4
216295,LT,2021,4
200769,EE,2021,4
196394,CR,2021,4
194104,DZ,2021,4
192670,HR,2021,4
186896,GH,2021,4
184131,UZ,2021,4
175078,VE,2021,4
173032,SK,2021,4
169045,GT,2021,4
145958,BO,2021,4
145634,DO,2021,4
136527,JO,2021,4
136101,AM,2021,4
135761,LV,2021,4
123444,SI,2021,4
119917,IQ,2021,4
114102,AZ,2021,4
112746,UY,2021,4
111565,KH,2021,4
107878,UG,2021,4
107132,SV,2021,4
106604,KG,2021,4
104275,GE,2021,4
104172,MD,2021,4
100121,MM,2021,4
94936,BA,2021,4
83999,PS,2021,4
82444,ET,2021,4
77454,LB,2021,4
74419,CM,2021,4
73399,HN,2021,4
69168,MK,2021,4
63196,LU,2021,4
62701,SN,2021,4
61139,RW,2021,4
59566,IS,2021,4
59181,TZ,2021,4
58828,AL,2021,4
58446,CY,2021,4
54286,KW,2021,4
51907,PA,2021,4
49690,PY,2021,4
48343,PR,2021,4
46828,CI,2021,4
43207,JM,2021,4
42655,QA,2021,4
41860,ZW,2021,4
41038,NI,2021,4
39750,YE,2021,4
38183,MN,2021,4
36827,MT,2021,4
33520,MG,2021,4
32403,MU,2021,4
29679,MO,2021,4
27841,OM,2021,4
27785,AO,2021,4
27601,SY,2021,4
25708,SD,2021,4
24625,BH,2021,4
24396,ZM,2021,4
22536,CU,2021,4
21994,BJ,2021,4
21206,MZ,2021,4
20056,CD,2021,4
19987,HT,2021,4
19542,TT,2021,4
18259,ME,2021,4
17771,LY,2021,4
16959,AF,2021,4
16662,RE,2021,4
15262,LA,2021,4
13836,SO,2021,4
13250,TG,2021,4
11781,TJ,2021,4
10977,MV,2021,4
10468,BW,2021,4
9064,MW,2021,4
8636,NA,2021,4
8255,BB,2021,4
8178,BF,2021,4
8046,BN,2021,4
6357,BT,2021,4
5970,SL,2021,4
5670,ML,2021,4
5280,GP,2021,4
5237,IM,2021,4
5057,JE,2021,4
4930,CV,2021,4
4838,LR,2021,4
4792,MR,2021,4
4776,AD,2021,4
4558,NC,2021,4
4510,GA,2021,4
4466,GM,2021,4
4332,MQ,2021,4
4208,BZ,2021,4
4189,BS,2021,4
4028,PF,2021,4
3879,GN,2021,4
3873,BI,2021,4
3785,SC,2021,4
3674,GY,2021,4
3551,NE,2021,4
3546,GU,2021,4
3485,CW,2021,4
3276,PG,2021,4
3091,SR,2021,4
3088,BM,2021,4
3009,TM,2021,4
2969,KY,2021,4
2959,FJ,2021,4
2891,LS,2021,4
2791,CG,2021,4
2528,SZ,2021,4
2359,ER,2021,4
2221,FO,2021,4
2170,MC,2021,4
2128,GI,2021,4
1892,LC,2021,4
1813,VI,2021,4
1759,AW,2021,4
1723,LI,2021,4
1656,GG,2021,4
1459,GD,2021,4
1424,AX,2021,4
1319,DJ,2021,4
1316,GF,2021,4
1218,SM,2021,4
1205,TL,2021,4
1147,TD,2021,4
973,SS,2021,4
941,AG,2021,4
841,DM,2021,4
841,VC,2021,4
787,VG,2021,4
755,KN,2021,4
752,TC,2021,4
751,SB,2021,4
736,MP,2021,4
626,KM,2021,4
616,YT,2021,4
577,GL,2021,4
537,GQ,2021,4
464,SX,2021,4
392,VU,2021,4
380,BQ,2021,4
320,WS,2021,4
313,AI,2021,4
222,ST,2021,4
219,MF,2021,4
218,CF,2021,4
171,GW,2021,4
169,XK,2021,4
164,FM,2021,4
133,TO,2021,4
126,PW,2021,4
116,CK,2021,4
44974274,US,2022,1
28103360,EU,2022,1
21866989,IN,2022,1
21194535,CN,2022,1
7259627,BR,2022,1
6307980,HK,2022,1
6134843,GB,2022,1
5636394,RU,2022,1
5288132,DE,2022,1
5168926,CA,2022,1
5031681,JP,2022,1
4476262,FR,2022,1
3886671,KR,2022,1
3582767,ID,2022,1
2895317,ES,2022,1
2684075,UA,2022,1
2649387,VN,2022,1
2411063,AU,2022,1
2328402,PL,2022,1
2188944,SG,2022,1
2187182,NL,2022,1
2118682,TW,2022,1
2050901,MX,2022,1
1766407,TR,2022,1
1694726,BD,2022,1
1502781,IT,2022,1
1404443,CO,2022,1
1312481,AR,2022,1
1296808,SE,2022,1
1263518,PK,2022,1
1202837,NG,2022,1
1092197,PH,2022,1
1082822,TH,2022,1
1034176,IL,2022,1
992279,CH,2022,1
979525,EG,2022,1
839112,BE,2022,1
746518,RO,2022,1
737553,BY,2022,1
714635,ZA,2022,1
708388,PT,2022,1
703656,IE,2022,1
684867,KE,2022,1
668522,MY,2022,1
659093,DK,2022,1
652580,PE,2022,1
635404,CZ,2022,1
632748,FI,2022,1
615987,CL,2022,1
584075,NO,2022,1
566971,AT,2022,1
566657,NZ,2022,1
542035,LK,2022,1
525868,IR,2022,1
518808,HU,2022,1
422801,MA,2022,1
420736,BG,2022,1
414780,NP,2022,1
413632,GR,2022,1
408886,SA,2022,1
371873,TN,2022,1
363046,AE,2022,1
335271,RS,2022,1
285145,EC,2022,1
266255,KZ,2022,1
234311,LT,2022,1
231218,UZ,2022,1
217230,EE,2022,1
210386,DZ,2022,1
210316,GH,2022,1
206749,CR,2022,1
202276,HR,2022,1
190373,VE,2022,1
183171,SK,2022,1
182817,GT,2022,1
155711,BO,2022,1
155055,DO,2022,1
148800,LV,2022,1
147644,JO,2022,1
145577,AM,2022,1
135755,IQ,2022,1
132904,AZ,2022,1
130730,SI,2022,1
125403,KG,2022,1
124049,UY,2022,1
121747,GE,2022,1
119127,KH,2022,1
118199,UG,2022,1
114853,SV,2022,1
112411,MD,2022,1
110174,MM,2022,1
106978,ET,2022,1
100317,BA,2022,1
92845,PS,2022,1
83456,CM,2022,1
82036,LB,2022,1
79208,HN,2022,1
73977,MK,2022,1
70386,RW,2022,1
69398,SN,2022,1
64545,LU,2022,1
63763,TZ,2022,1
63468,AL,2022,1
62883,CY,2022,1
62627,IS,2022,1
60921,KW,2022,1
55120,PA,2022,1
53735,PY,2022,1
53153,PR,2022,1
52369,CI,2022,1
46481,JM,2022,1
46302,QA,2022,1
45650,NI,2022,1
45329,YE,2022,1
44880,ZW,2022,1
43311,MN,2022,1
39792,MU,2022,1
39464,MT,2022,1
38983,MG,2022,1
31307,ZM,2022,1
31274,AO,2022,1
30525,MO,2022,1
30282,OM,2022,1
29638,SY,2022,1
28682,SD,2022,1
27150,BH,2022,1
25816,CU,2022,1
25516,BJ,2022,1
23199,MZ,2022,1
22704,CD,2022,1
21683,TT,2022,1
20644,HT,2022,1
19393,LY,2022,1
19068,ME,2022,1
18656,RE,2022,1
18528,AF,2022,1
17005,LA,2022,1
16780,SO,2022,1
15512,TG,2022,1
13140,TJ,2022,1
11628,MV,2022,1
11621,BW,2022,1
10463,MW,2022,1
10382,XK,2022,1
9625,BF,2022,1
9142,NA,2022,1
8902,BB,2022,1
8792,BN,2022,1
7481,SC,2022,1
7167,BT,2022,1
6825,SL,2022,1
6397,ML,2022,1
5820,GP,2022,1
5691,CV,2022,1
5675,MR,2022,1
5657,IM,2022,1
5594,BS,2022,1
5566,AD,2022,1
5306,LR,2022,1
5125,JE,2022,1
5102,BZ,2022,1
4976,GM,2022,1
4942,GA,2022,1
4929,NC,2022,1
4913,MQ,2022,1
4754,NE,2022,1
4505,BI,2022,1
4357,PF,2022,1
4077,GN,2022,1
3996,GY,2022,1
3686,PG,2022,1
3629,CW,2022,1
3612,GU,2022,1
3561,BM,2022,1
3497,TM,2022,1
3476,KY,2022,1
3406,SR,2022,1
3324,CG,2022,1
3288,FJ,2022,1
3215,LS,2022,1
3167,SZ,2022,1
2363,FO,2022,1
2344,ER,2022,1
2244,GI,2022,1
2201,LC,2022,1
2095,MC,2022,1
2017,VI,2022,1
2006,LI,2022,1
1805,GD,2022,1
1749,AW,2022,1
1730,GG,2022,1
1664,AX,2022,1
1595,KN,2022,1
1553,TD,2022,1
1378,GF,2022,1
1352,DJ,2022,1
1296,AG,2022,1
1263,SM,2022,1
1213,TL,2022,1
1187,SS,2022,1
970,MP,2022,1
947,VG,2022,1
894,VC,2022,1
876,SB,2022,1
802,TC,2022,1
754,DM,2022,1
744,YT,2022,1
701,KM,2022,1
673,GL,2022,1
565,SX,2022,1
510,GQ,2022,1
415,VU,2022,1
352,BQ,2022,1
349,WS,2022,1
274,AI,2022,1
256,MF,2022,1
232,CF,2022,1
177,GW,2022,1
173,FM,2022,1
130,ST,2022,1
127,TO,2022,1
105,AS,2022,1
101,PW,2022,1
47092354,US,2022,2
29987945,EU,2022,2
23643654,IN,2022,2
20162724,CN,2022,2
7901798,BR,2022,2
7491970,HK,2022,2
6431447,GB,2022,2
5724529,RU,2022,2
5652508,DE,2022,2
5479346,JP,2022,2
5421312,CA,2022,2
4691374,FR,2022,2
4180776,KR,2022,2
3886979,ID,2022,2
3115199,ES,2022,2
2870256,VN,2022,2
2615077,UA,2022,2
2538354,AU,2022,2
2520467,PL,2022,2
2461305,SG,2022,2
2354868,NL,2022,2
2278055,TW,2022,2
2197057,MX,2022,2
1983923,TR,2022,2
1799491,BD,2022,2
1632573,IT,2022,2
1514018,AR,2022,2
1511733,CO,2022,2
1404665,NG,2022,2
1368187,PK,2022,2
1367002,SE,2022,2
1173046,PH,2022,2
1143239,TH,2022,2
1108507,IL,2022,2
1078725,EG,2022,2
1060399,CH,2022,2
876941,BE,2022,2
793246,RO,2022,2
792141,KE,2022,2
778310,PT,2022,2
747472,ZA,2022,2
736925,IE,2022,2
720976,BY,2022,2
705592,MY,2022,2
704939,PE,2022,2
686675,DK,2022,2
681530,CZ,2022,2
668853,FI,2022,2
662314,CL,2022,2
613173,NO,2022,2
603119,AT,2022,2
585017,NZ,2022,2
570494,LK,2022,2
567844,IR,2022,2
548821,HU,2022,2
461578,MA,2022,2
449820,NP,2022,2
449320,BG,2022,2
437859,SA,2022,2
435394,GR,2022,2
411020,AE,2022,2
398688,TN,2022,2
363085,RS,2022,2
308279,EC,2022,2
299076,KZ,2022,2
281708,UZ,2022,2
253921,LT,2022,2
235925,GH,2022,2
232206,EE,2022,2
228439,DZ,2022,2
218593,HR,2022,2
218212,CR,2022,2
214975,GE,2022,2
203298,VE,2022,2
201781,AM,2022,2
196333,GT,2022,2
195805,SK,2022,2
168154,BO,2022,2
165341,DO,2022,2
162326,LV,2022,2
157409,JO,2022,2
155946,AZ,2022,2
150753,IQ,2022,2
145692,KG,2022,2
137169,SI,2022,2
135330,UY,2022,2
134408,ET,2022,2
128760,UG,2022,2
125695,KH,2022,2
122773,SV,2022,2
119919,MD,2022,2
119827,MM,2022,2
105299,BA,2022,2
102929,PS,2022,2
91727,CM,2022,2
88523,LB,2022,2
83977,HN,2022,2
79585,MK,2022,2
79414,CY,2022,2
79343,RW,2022,2
74807,SN,2022,2
72865,LU,2022,2
71973,AL,2022,2
71003,TZ,2022,2
64343,IS,2022,2
63071,KW,2022,2
58142,PA,2022,2
57150,PY,2022,2
56841,CI,2022,2
55729,PR,2022,2
49548,NI,2022,2
49334,JM,2022,2
49183,ZW,2022,2
48937,YE,2022,2
48865,QA,2022,2
47528,MN,2022,2
43599,MG,2022,2
42521,MT,2022,2
41800,MU,2022,2
35028,AO,2022,2
33500,SY,2022,2
32589,ME,2022,2
32313,MO,2022,2
32234,OM,2022,2
30106,SD,2022,2
29904,CU,2022,2
29600,ZM,2022,2
29006,BJ,2022,2
28976,BH,2022,2
26257,CD,2022,2
24875,MZ,2022,2
22991,TT,2022,2
21448,HT,2022,2
20816,AF,2022,2
20415,LY,2022,2
19600,RE,2022,2
19416,SO,2022,2
18408,LA,2022,2
18251,TG,2022,2
14567,TJ,2022,2
12803,BW,2022,2
12693,MW,2022,2
12396,MV,2022,2
11472,SC,2022,2
11393,XK,2022,2
10608,BF,2022,2
10111,NA,2022,2
9090,BB,2022,2
8652,BN,2022,2
7758,SL,2022,2
7646,BT,2022,2
7180,ML,2022,2
6456,MR,2022,2
6357,AD,2022,2
6213,BS,2022,2
6036,LR,2022,2
5818,GP,2022,2
5816,CV,2022,2
5767,IM,2022,2
5739,NE,2022,2
5535,BZ,2022,2
5405,GM,2022,2
5355,MQ,2022,2
5182,GA,2022,2
5135,JE,2022,2
5126,BI,2022,2
4877,NC,2022,2
4587,GN,2022,2
4550,TM,2022,2
4470,PF,2022,2
4242,LS,2022,2
4175,GY,2022,2
3968,CW,2022,2
3646,PG,2022,2
3610,CG,2022,2
3593,GU,2022,2
3584,SR,2022,2
3546,KY,2022,2
3451,SZ,2022,2
3243,BM,2022,2
3198,FJ,2022,2
2587,MC,2022,2
2336,LC,2022,2
2324,GI,2022,2
2255,FO,2022,2
2137,TD,2022,2
2081,ER,2022,2
1983,AX,2022,2
1939,AW,2022,2
1912,LI,2022,2
1908,GD,2022,2
1805,VI,2022,2
1765,GG,2022,2
1762,DJ,2022,2
1720,GF,2022,2
1661,KN,2022,2
1544,AG,2022,2
1457,TL,2022,2
1342,SS,2022,2
1250,SM,2022,2
928,YT,2022,2
885,MP,2022,2
881,VC,2022,2
850,TC,2022,2
835,KM,2022,2
779,DM,2022,2
730,SB,2022,2
716,VG,2022,2
621,GL,2022,2
577,GQ,2022,2
497,SX,2022,2
459,VU,2022,2
381,MF,2022,2
380,WS,2022,2
335,BQ,2022,2
278,CF,2022,2
240,ST,2022,2
192,AI,2022,2
166,FM,2022,2
158,GW,2022,2
128,TO,2022,2
119,AS,2022,2
106,MS,2022,2
101,PW,2022,2
48701645,US,2022,3
31385024,EU,2022,3
25579990,IN,2022,3
20480008,CN,2022,3
8587243,BR,2022,3
7754106,HK,2022,3
6703976,GB,2022,3
6035245,RU,2022,3
5929566,DE,2022,3
5716725,JP,2022,3
5672697,CA,2022,3
4868842,FR,2022,3
4488256,KR,2022,3
4206445,ID,2022,3
3269162,ES,2022,3
3067012,VN,2022,3
2729930,UA,2022,3
2702865,SG,2022,3
2669652,AU,2022,3
2648128,PL,2022,3
2449171,NL,2022,3
2381106,TW,2022,3
2323483,MX,2022,3
2173780,TR,2022,3
1987802,BD,2022,3
1729843,IT,2022,3
1692345,AR,2022,3
1667814,NG,2022,3
1641050,CO,2022,3
1512350,PK,2022,3
1418705,SE,2022,3
1279376,TH,2022,3
1257792,PH,2022,3
1193309,IL,2022,3
1182656,EG,2022,3
1102984,CH,2022,3
952381,KE,2022,3
906038,BE,2022,3
830518,RO,2022,3
826823,PT,2022,3
809898,ZA,2022,3
776994,IE,2022,3
753704,PE,2022,3
749765,BY,2022,3
748351,MY,2022,3
712081,DK,2022,3
704896,CZ,2022,3
704115,CL,2022,3
694960,FI,2022,3
639952,NO,2022,3
628808,AT,2022,3
610711,IR,2022,3
607681,LK,2022,3
603616,NZ,2022,3
567515,HU,2022,3
499589,MA,2022,3
481822,NP,2022,3
474821,BG,2022,3
470437,SA,2022,3
467459,GR,2022,3
440686,AE,2022,3
426194,TN,2022,3
387860,RS,2022,3
332621,EC,2022,3
328029,UZ,2022,3
322221,KZ,2022,3
271940,LT,2022,3
263972,GH,2022,3
246103,DZ,2022,3
244650,EE,2022,3
238395,GE,2022,3
230365,HR,2022,3
227126,CR,2022,3
221382,VE,2022,3
211099,AM,2022,3
210925,GT,2022,3
207211,SK,2022,3
177505,BO,2022,3
176896,AZ,2022,3
176763,DO,2022,3
173896,LV,2022,3
171032,JO,2022,3
166278,IQ,2022,3
160838,KG,2022,3
159364,ET,2022,3
149288,UY,2022,3
141506,SI,2022,3
141029,UG,2022,3
141026,KH,2022,3
129783,SV,2022,3
129398,MM,2022,3
128255,MD,2022,3
113430,PS,2022,3
110318,BA,2022,3
100641,CM,2022,3
99707,LB,2022,3
90741,CY,2022,3
88750,HN,2022,3
86789,RW,2022,3
83401,MK,2022,3
81742,SN,2022,3
77364,LU,2022,3
76340,TZ,2022,3
75595,AL,2022,3
71430,KW,2022,3
66574,IS,2022,3
61807,CI,2022,3
61174,PA,2022,3
60167,PY,2022,3
54275,YE,2022,3
54153,PR,2022,3
54100,ZW,2022,3
53531,NI,2022,3
52997,QA,2022,3
51696,MN,2022,3
50621,JM,2022,3
49712,MG,2022,3
43338,MU,2022,3
43021,MT,2022,3
38075,AO,2022,3
37427,ME,2022,3
36491,SY,2022,3
34737,OM,2022,3
33028,SD,2022,3
32620,CU,2022,3
32508,ZM,2022,3
32368,BJ,2022,3
31852,MO,2022,3
30974,BH,2022,3
30032,CD,2022,3
27767,MZ,2022,3
24802,AF,2022,3
24444,TT,2022,3
23267,HT,2022,3
22230,TG,2022,3
21889,LY,2022,3
21704,SO,2022,3
19857,RE,2022,3
19769,LA,2022,3
18900,SC,2022,3
16519,TJ,2022,3
14542,MW,2022,3
13619,BW,2022,3
13199,MV,2022,3
12157,BF,2022,3
12120,XK,2022,3
10988,NA,2022,3
9229,BB,2022,3
8910,BN,2022,3
8693,SL,2022,3
8660,ML,2022,3
8186,BT,2022,3
7187,AD,2022,3
7110,MR,2022,3
6858,LR,2022,3
6556,BS,2022,3
6176,NE,2022,3
6068,GM,2022,3
6022,IM,2022,3
6005,CV,2022,3
5878,GA,2022,3
5792,BI,2022,3
5777,BZ,2022,3
5664,GP,2022,3
5606,MQ,2022,3
5537,TM,2022,3
5370,GN,2022,3
5316,JE,2022,3
4926,NC,2022,3
4787,LS,2022,3
4686,PF,2022,3
4409,GY,2022,3
4347,CG,2022,3
4080,CW,2022,3
4047,KY,2022,3
4005,SR,2022,3
3927,PG,2022,3
3757,BM,2022,3
3720,SZ,2022,3
3714,GU,2022,3
3672,FJ,2022,3
2591,MC,2022,3
2541,LC,2022,3
2434,FO,2022,3
2411,TD,2022,3
2250,DJ,2022,3
2135,AX,2022,3
2097,AW,2022,3
2030,GI,2022,3
1985,VI,2022,3
1967,GF,2022,3
1948,LI,2022,3
1890,SS,2022,3
1890,GD,2022,3
1821,GG,2022,3
1815,KN,2022,3
1793,ER,2022,3
1699,TL,2022,3
1584,SM,2022,3
1562,AG,2022,3
974,YT,2022,3
961,SB,2022,3
943,VC,2022,3
892,MP,2022,3
875,DM,2022,3
864,KM,2022,3
763,VG,2022,3
665,GL,2022,3
596,GQ,2022,3
521,VU,2022,3
503,SX,2022,3
457,TC,2022,3
417,MF,2022,3
389,WS,2022,3
365,BQ,2022,3
336,ST,2022,3
299,CF,2022,3
223,AI,2022,3
192,GW,2022,3
170,FM,2022,3
156,CK,2022,3
138,TO,2022,3
128,AS,2022,3
117,PW,2022,3
101,PM,2022,3
50597871,US,2022,4
32958745,EU,2022,4
27457938,IN,2022,4
20682299,CN,2022,4
9205113,BR,2022,4
8023750,HK,2022,4
7038685,GB,2022,4
6214574,RU,2022,4
6176277,DE,2022,4
6000052,JP,2022,4
5971277,CA,2022,4
5126816,FR,2022,4
4747032,KR,2022,4
4595557,ID,2022,4
3470419,ES,2022,4
3289176,VN,2022,4
2874400,UA,2022,4
2858634,AU,2022,4
2819829,SG,2022,4
2806569,PL,2022,4
2558627,TW,2022,4
2556638,NL,2022,4
2466161,MX,2022,4
2426783,TR,2022,4
2135254,BD,2022,4
1868357,NG,2022,4
1827329,AR,2022,4
1825352,IT,2022,4
1779307,CO,2022,4
1635435,PK,2022,4
1494639,SE,2022,4
1359892,PH,2022,4
1309994,TH,2022,4
1288718,EG,2022,4
1262782,IL,2022,4
1157166,CH,2022,4
1085037,KE,2022,4
913232,BE,2022,4
886006,PT,2022,4
876845,RO,2022,4
854639,ZA,2022,4
813372,IE,2022,4
805264,PE,2022,4
778233,MY,2022,4
774983,BY,2022,4
750368,DK,2022,4
745778,CL,2022,4
743303,CZ,2022,4
736264,FI,2022,4
672240,NO,2022,4
658999,AT,2022,4
645128,LK,2022,4
626977,IR,2022,4
621645,NZ,2022,4
600277,HU,2022,4
541909,MA,2022,4
512079,NP,2022,4
506508,SA,2022,4
493382,BG,2022,4
493370,AE,2022,4
476923,GR,2022,4
460362,TN,2022,4
426393,RS,2022,4
419463,KZ,2022,4
394147,UZ,2022,4
355371,EC,2022,4
303955,GE,2022,4
288415,GH,2022,4
287120,LT,2022,4
258639,DZ,2022,4
254947,AM,2022,4
252091,EE,2022,4
240935,HR,2022,4
238729,CR,2022,4
234444,VE,2022,4
222591,GT,2022,4
213059,SK,2022,4
205345,AZ,2022,4
200054,KG,2022,4
190767,BO,2022,4
186767,DO,2022,4
185024,ET,2022,4
180982,JO,2022,4
180747,IQ,2022,4
179615,LV,2022,4
160292,UY,2022,4
154667,UG,2022,4
146711,SI,2022,4
143998,KH,2022,4
142555,MM,2022,4
138303,SV,2022,4
135960,MD,2022,4
123711,PS,2022,4
116018,BA,2022,4
111408,CM,2022,4
107869,CY,2022,4
105742,LB,2022,4
97821,RW,2022,4
94419,HN,2022,4
87984,MK,2022,4
86528,SN,2022,4
80995,TZ,2022,4
79396,LU,2022,4
74374,KW,2022,4
73311,AL,2022,4
68277,IS,2022,4
65838,CI,2022,4
65409,PA,2022,4
64814,PY,2022,4
61328,YE,2022,4
58715,PR,2022,4
58350,ZW,2022,4
57757,NI,2022,4
57459,QA,2022,4
56362,MN,2022,4
53623,MG,2022,4
52990,JM,2022,4
46268,MT,2022,4
44616,ME,2022,4
43454,MU,2022,4
40985,AO,2022,4
38625,SY,2022,4
37105,MO,2022,4
36505,OM,2022,4
36180,SD,2022,4
35628,BJ,2022,4
34649,ZM,2022,4
34272,CU,2022,4
33620,BH,2022,4
33507,CD,2022,4
29792,MZ,2022,4
27855,AF,2022,4
25855,SO,2022,4
25376,TG,2022,4
25210,TT,2022,4
24797,SC,2022,4
23810,LY,2022,4
23581,HT,2022,4
22206,LA,2022,4
20746,RE,2022,4
19551,TJ,2022,4
16776,XK,2022,4
15977,MW,2022,4
14491,BW,2022,4
14159,MV,2022,4
12908,BF,2022,4
12415,NA,2022,4
10164,ML,2022,4
9666,SL,2022,4
9417,BB,2022,4
9359,BN,2022,4
8846,BT,2022,4
8537,LR,2022,4
7384,AD,2022,4
7340,MR,2022,4
6937,GM,2022,4
6824,CV,2022,4
6642,GA,2022,4
6507,NE,2022,4
6319,BS,2022,4
6310,BI,2022,4
6104,IM,2022,4
6092,GN,2022,4
5838,TM,2022,4
5737,BZ,2022,4
5684,NC,2022,4
5616,GP,2022,4
5610,MQ,2022,4
5454,LS,2022,4
5340,JE,2022,4
4836,CG,2022,4
4790,PF,2022,4
4430,GY,2022,4
4393,KY,2022,4
4213,PG,2022,4
4176,SR,2022,4
4067,CW,2022,4
3888,FJ,2022,4
3812,SZ,2022,4
3657,BM,2022,4
3500,GU,2022,4
2737,LC,2022,4
2686,MC,2022,4
2555,GI,2022,4
2516,TD,2022,4
2484,FO,2022,4
2455,DJ,2022,4
2344,AX,2022,4
2205,LI,2022,4
2072,AW,2022,4
2065,SS,2022,4
2009,VI,2022,4
1953,GG,2022,4
1900,AG,2022,4
1889,GD,2022,4
1809,GF,2022,4
1797,KN,2022,4
1771,ER,2022,4
1718,TL,2022,4
1714,SM,2022,4
1065,VC,2022,4
1047,YT,2022,4
1025,MP,2022,4
1017,SB,2022,4
928,KM,2022,4
911,DM,2022,4
854,VG,2022,4
732,GL,2022,4
694,TC,2022,4
650,GQ,2022,4
590,VU,2022,4
504,SX,2022,4
480,ST,2022,4
438,MF,2022,4
398,WS,2022,4
374,BQ,2022,4
326,CF,2022,4
203,PW,2022,4
188,AI,2022,4
185,GW,2022,4
172,FM,2022,4
154,TO,2022,4
137,AS,2022,4
121,BL,2022,4
111,MS,2022,4
52526307,US,2023,1
34582837,EU,2023,1
29533871,IN,2023,1
20463833,CN,2023,1
9861234,BR,2023,1
8248555,HK,2023,1
7388316,GB,2023,1
6561447,RU,2023,1
6466868,JP,2023,1
6428283,DE,2023,1
6277037,CA,2023,1
5380259,FR,2023,1
5030590,KR,2023,1
4918338,ID,2023,1
3680733,ES,2023,1
3507367,VN,2023,1
3117202,SG,2023,1
3014295,UA,2023,1
2974963,PL,2023,1
2943494,AU,2023,1
2691143,TW,2023,1
2668226,NL,2023,1
2613772,MX,2023,1
2598138,TR,2023,1
2321701,BD,2023,1
2064341,NG,2023,1
1972535,AR,2023,1
1934736,IT,2023,1
1921849,CO,2023,1
1785461,PK,2023,1
1547989,SE,2023,1
1470717,PH,2023,1
1427385,TH,2023,1
1412388,EG,2023,1
1323526,IL,2023,1
1250501,KE,2023,1
1181892,CH,2023,1
947022,BE,2023,1
939959,PT,2023,1
921233,RO,2023,1
912425,ZA,2023,1
852209,PE,2023,1
847377,IE,2023,1
828841,MY,2023,1
794420,BY,2023,1
782678,CL,2023,1
779824,DK,2023,1
775993,CZ,2023,1
774404,FI,2023,1
703441,IR,2023,1
700651,NO,2023,1
693015,AT,2023,1
689777,LK,2023,1
644667,NZ,2023,1
637269,HU,2023,1
603755,MA,2023,1
548100,NP,2023,1
540141,SA,2023,1
535738,AE,2023,1
519955,BG,2023,1
493875,TN,2023,1
492774,GR,2023,1
455200,RS,2023,1
445380,UZ,2023,1
444684,KZ,2023,1
382366,EC,2023,1
345091,GE,2023,1
325844,GH,2023,1
302108,LT,2023,1
275296,DZ,2023,1
274276,AM,2023,1
257364,EE,2023,1
255496,VE,2023,1
252526,HR,2023,1
251081,CR,2023,1
237364,GT,2023,1
227771,AZ,2023,1
227207,SK,2023,1
224207,KG,2023,1
204494,ET,2023,1
202513,BO,2023,1
196254,DO,2023,1
193009,LV,2023,1
191211,IQ,2023,1
190482,JO,2023,1
172686,UY,2023,1
168873,UG,2023,1
162846,MM,2023,1
154536,KH,2023,1
152320,SI,2023,1
146807,SV,2023,1
144743,MD,2023,1
132659,PS,2023,1
122667,CM,2023,1
121117,BA,2023,1
118701,CY,2023,1
113620,LB,2023,1
110854,RW,2023,1
99982,HN,2023,1
94723,MK,2023,1
94319,SN,2023,1
86485,LU,2023,1
84717,TZ,2023,1
80407,CI,2023,1
77967,KW,2023,1
72242,AL,2023,1
70796,IS,2023,1
70083,PY,2023,1
69383,YE,2023,1
68460,PA,2023,1
63274,PR,2023,1
62916,ZW,2023,1
62301,NI,2023,1
60927,MN,2023,1
60216,QA,2023,1
59361,MG,2023,1
56813,JM,2023,1
53401,ME,2023,1
49103,MT,2023,1
48904,MU,2023,1
44079,AO,2023,1
40546,SY,2023,1
39920,OM,2023,1
39873,BJ,2023,1
38791,SD,2023,1
38401,MO,2023,1
37650,BH,2023,1
37541,ZM,2023,1
36464,CD,2023,1
35101,CU,2023,1
32336,MZ,2023,1
30617,AF,2023,1
29767,XK,2023,1
29739,SO,2023,1
27625,SC,2023,1
27144,TT,2023,1
26182,TG,2023,1
25719,LY,2023,1
24185,LA,2023,1
23949,HT,2023,1
21932,RE,2023,1
21459,TJ,2023,1
18012,MW,2023,1
15500,BW,2023,1
14505,MV,2023,1
14068,BF,2023,1
13268,NA,2023,1
11572,ML,2023,1
10491,SL,2023,1
9873,BN,2023,1
9707,BB,2023,1
9464,BT,2023,1
9384,LR,2023,1
8279,MR,2023,1
7949,AD,2023,1
7653,BS,2023,1
7448,NE,2023,1
7419,CV,2023,1
7277,GM,2023,1
7117,GA,2023,1
6998,BI,2023,1
6942,GN,2023,1
6817,TM,2023,1
6766,MQ,2023,1
6523,IM,2023,1
6380,LS,2023,1
6370,BZ,2023,1
6083,NC,2023,1
5932,GP,2023,1
5553,CG,2023,1
5382,KY,2023,1
4879,PF,2023,1
4645,PG,2023,1
4621,JE,2023,1
4611,SZ,2023,1
4560,GY,2023,1
4450,SR,2023,1
4353,CW,2023,1
4021,FJ,2023,1
3525,BM,2023,1
3496,GU,2023,1
3146,MC,2023,1
2852,TD,2023,1
2708,LC,2023,1
2571,FO,2023,1
2539,GI,2023,1
2498,LI,2023,1
2495,DJ,2023,1
2437,KN,2023,1
2285,AW,2023,1
2242,SS,2023,1
2235,GD,2023,1
2215,AG,2023,1
2109,AX,2023,1
2007,VI,2023,1
2000,GF,2023,1
1974,GG,2023,1
1822,TL,2023,1
1711,MP,2023,1
1670,ER,2023,1
1657,SM,2023,1
1261,SB,2023,1
1146,VC,2023,1
1013,GQ,2023,1
998,VG,2023,1
967,YT,2023,1
896,DM,2023,1
895,KM,2023,1
768,GL,2023,1
722,TC,2023,1
624,VU,2023,1
615,SX,2023,1
593,MF,2023,1
425,BQ,2023,1
406,WS,2023,1
395,ST,2023,1
356,GW,2023,1
342,CF,2023,1
226,AI,2023,1
198,PW,2023,1
180,FM,2023,1
150,TO,2023,1
148,AS,2023,1
130,KI,2023,1
116,MS,2023,1
113,CK,2023,1
106,MH,2023,1
55090116,US,2023,2
36295869,EU,2023,2
31757540,IN,2023,2
19989496,CN,2023,2
10568833,BR,2023,2
8004081,HK,2023,2
7745518,GB,2023,2
7056095,JP,2023,2
6961724,RU,2023,2
6739721,DE,2023,2
6562302,CA,2023,2
5589350,FR,2023,2
5345888,KR,2023,2
5271206,ID,2023,2
3873102,ES,2023,2
3761556,VN,2023,2
3412276,SG,2023,2
3186338,UA,2023,2
3152082,PL,2023,2
3080468,AU,2023,2
2902089,TW,2023,2
2838995,NL,2023,2
2756348,MX,2023,2
2748873,TR,2023,2
2468718,BD,2023,2
2233912,NG,2023,2
2158627,AR,2023,2
2067048,CO,2023,2
2018353,IT,2023,2
1926158,PK,2023,2
1607868,SE,2023,2
1587882,PH,2023,2
1521362,EG,2023,2
1474153,TH,2023,2
1398900,KE,2023,2
1376542,IL,2023,2
1226262,CH,2023,2
1010130,BE,2023,2
998680,PT,2023,2
971657,RO,2023,2
969096,ZA,2023,2
913172,PE,2023,2
881640,IE,2023,2
872908,MY,2023,2
836314,CL,2023,2
818464,CZ,2023,2
811832,BY,2023,2
810960,FI,2023,2
808399,DK,2023,2
764017,LK,2023,2
762720,IR,2023,2
726876,NO,2023,2
724915,AT,2023,2
674452,NZ,2023,2
667305,HU,2023,2
665016,MA,2023,2
590339,NP,2023,2
576443,AE,2023,2
573244,SA,2023,2
546776,BG,2023,2
524649,TN,2023,2
512534,GR,2023,2
493104,UZ,2023,2
484992,RS,2023,2
484883,KZ,2023,2
411881,EC,2023,2
366403,GE,2023,2
355827,GH,2023,2
317585,LT,2023,2
290191,DZ,2023,2
283733,AM,2023,2
273051,VE,2023,2
268825,EE,2023,2
265512,HR,2023,2
265442,CR,2023,2
252983,GT,2023,2
251669,AZ,2023,2
241975,KG,2023,2
237304,SK,2023,2
216026,BO,2023,2
205820,DO,2023,2
205251,LV,2023,2
202198,JO,2023,2
200889,IQ,2023,2
181190,UY,2023,2
180387,UG,2023,2
179823,MM,2023,2
168831,ET,2023,2
163762,KH,2023,2
157732,SI,2023,2
156829,SV,2023,2
155739,MD,2023,2
143966,PS,2023,2
131133,CM,2023,2
128503,CY,2023,2
127115,BA,2023,2
125402,RW,2023,2
120804,LB,2023,2
105546,HN,2023,2
100533,SN,2023,2
100112,MK,2023,2
92699,LU,2023,2
92124,TZ,2023,2
84593,CI,2023,2
82568,KW,2023,2
77906,YE,2023,2
77151,PY,2023,2
75722,AL,2023,2
72078,IS,2023,2
71617,PA,2023,2
66862,NI,2023,2
65945,ZW,2023,2
65590,MN,2023,2
65563,MG,2023,2
64699,PR,2023,2
63519,QA,2023,2
62764,ME,2023,2
57778,JM,2023,2
51527,MT,2023,2
50425,MU,2023,2
47727,AO,2023,2
44049,OM,2023,2
44006,BJ,2023,2
41948,SY,2023,2
41255,MO,2023,2
40517,ZM,2023,2
39760,BH,2023,2
39079,CD,2023,2
37680,SD,2023,2
35455,CU,2023,2
35164,XK,2023,2
34576,AF,2023,2
34490,MZ,2023,2
32098,SO,2023,2
30889,SC,2023,2
28183,TT,2023,2
28069,TG,2023,2
27816,LY,2023,2
25015,LA,2023,2
23604,HT,2023,2
23170,TJ,2023,2
22195,RE,2023,2
19800,MW,2023,2
16836,BW,2023,2
15559,BF,2023,2
15503,MV,2023,2
13979,NA,2023,2
12724,ML,2023,2
11312,SL,2023,2
10447,BT,2023,2
10387,LR,2023,2
10075,BN,2023,2
9784,BB,2023,2
9590,AD,2023,2
8840,MR,2023,2
7938,NE,2023,2
7925,CV,2023,2
7787,TM,2023,2
7777,BI,2023,2
7670,GM,2023,2
7609,GA,2023,2
7271,MQ,2023,2
7250,GN,2023,2
7230,IM,2023,2
7194,BS,2023,2
7021,LS,2023,2
6489,BZ,2023,2
6302,GP,2023,2
6138,NC,2023,2
5917,CG,2023,2
5589,KY,2023,2
5207,JE,2023,2
5190,PF,2023,2
4908,PG,2023,2
4778,GY,2023,2
4702,SZ,2023,2
4701,CW,2023,2
4661,SR,2023,2
4146,FJ,2023,2
3599,BM,2023,2
3486,MC,2023,2
3466,GU,2023,2
3137,TD,2023,2
2879,LC,2023,2
2766,DJ,2023,2
2719,LI,2023,2
2581,SS,2023,2
2535,FO,2023,2
2502,GI,2023,2
2493,KN,2023,2
2370,AW,2023,2
2307,VI,2023,2
2205,AX,2023,2
2167,GD,2023,2
2062,AG,2023,2
2048,GG,2023,2
1988,GF,2023,2
1779,SM,2023,2
1757,MP,2023,2
1755,TL,2023,2
1594,ER,2023,2
1437,SB,2023,2
1214,VC,2023,2
1160,GQ,2023,2
1123,GL,2023,2
1113,DM,2023,2
932,YT,2023,2
894,VG,2023,2
893,KM,2023,2
735,VU,2023,2
716,TC,2023,2
676,SX,2023,2
503,MF,2023,2
495,WS,2023,2
439,CF,2023,2
438,ST,2023,2
433,GW,2023,2
384,BQ,2023,2
294,AI,2023,2
215,VA,2023,2
198,PW,2023,2
195,FM,2023,2
164,AS,2023,2
160,TO,2023,2
141,KI,2023,2
107,CK,2023,2
102,MS,2023,2
56707717,US,2023,3
37692915,EU,2023,3
34502993,IN,2023,3
19016352,CN,2023,3
11279341,BR,2023,3
8705805,HK,2023,3
8006156,GB,2023,3
7623240,JP,2023,3
7294201,RU,2023,3
7033178,DE,2023,3
6821536,CA,2023,3
5816558,FR,2023,3
5588614,KR,2023,3
5568896,ID,2023,3
3984715,VN,2023,3
3982800,ES,2023,3
3763407,SG,2023,3
3364778,UA,2023,3
3266321,PL,2023,3
3214790,AU,2023,3
3046097,TW,2023,3
2951535,NL,2023,3
2903770,TR,2023,3
2879692,MX,2023,3
2693428,BD,2023,3
2450163,NG,2023,3
2297445,AR,2023,3
2200537,CO,2023,3
2131369,PK,2023,3
2114997,IT,2023,3
1693452,PH,2023,3
1658205,SE,2023,3
1654994,EG,2023,3
1540662,KE,2023,3
1538067,TH,2023,3
1428669,IL,2023,3
1268346,CH,2023,3
1047779,PT,2023,3
1034337,BE,2023,3
1027926,ZA,2023,3
1004516,RO,2023,3
969559,PE,2023,3
915792,MY,2023,3
911874,IE,2023,3
880521,CL,2023,3
845446,CZ,2023,3
844137,FI,2023,3
834275,DK,2023,3
821905,BY,2023,3
811902,LK,2023,3
804739,IR,2023,3
758373,AT,2023,3
754896,NO,2023,3
721810,MA,2023,3
694382,NZ,2023,3
688568,HU,2023,3
635271,NP,2023,3
606650,SA,2023,3
597036,AE,2023,3
568854,BG,2023,3
552494,TN,2023,3
545660,UZ,2023,3
543216,GR,2023,3
514267,RS,2023,3
513205,KZ,2023,3
437206,EC,2023,3
385034,GH,2023,3
379495,GE,2023,3
330122,LT,2023,3
311042,DZ,2023,3
292271,AM,2023,3
288355,VE,2023,3
277965,HR,2023,3
275978,EE,2023,3
275082,CR,2023,3
273802,AZ,2023,3
268072,GT,2023,3
257520,KG,2023,3
243926,SK,2023,3
228538,BO,2023,3
221973,ET,2023,3
218751,DO,2023,3
217776,JO,2023,3
215401,LV,2023,3
209829,IQ,2023,3
198316,UY,2023,3
194184,MM,2023,3
193848,UG,2023,3
176535,KH,2023,3
167373,SV,2023,3
164066,MD,2023,3
163091,SI,2023,3
158435,PS,2023,3
141678,CM,2023,3
138513,RW,2023,3
134382,CY,2023,3
131785,BA,2023,3
131250,LB,2023,3
110705,HN,2023,3
107220,SN,2023,3
105319,MK,2023,3
98338,TZ,2023,3
94566,LU,2023,3
91590,KW,2023,3
89565,CI,2023,3
84444,YE,2023,3
83107,PY,2023,3
79374,AL,2023,3
74506,PA,2023,3
74497,IS,2023,3
72184,NI,2023,3
72104,MG,2023,3
69383,ZW,2023,3
68958,MN,2023,3
67812,QA,2023,3
66267,PR,2023,3
64839,ME,2023,3
59038,JM,2023,3
52515,MT,2023,3
51426,MU,2023,3
51271,AO,2023,3
48839,OM,2023,3
47241,BJ,2023,3
45093,SY,2023,3
43475,CD,2023,3
42556,ZM,2023,3
41446,MO,2023,3
40315,BH,2023,3
38208,AF,2023,3
37973,CU,2023,3
37163,MZ,2023,3
37069,SD,2023,3
35942,SO,2023,3
32700,XK,2023,3
31168,TG,2023,3
30036,LY,2023,3
28477,TT,2023,3
26457,TJ,2023,3
26019,LA,2023,3
25291,SC,2023,3
23351,HT,2023,3
22621,RE,2023,3
22048,MW,2023,3
17889,BF,2023,3
17843,BW,2023,3
16129,MV,2023,3
14781,NA,2023,3
14100,ML,2023,3
12260,SL,2023,3
10806,LR,2023,3
10783,BT,2023,3
10696,BN,2023,3
9985,AD,2023,3
9924,BB,2023,3
9719,MR,2023,3
8927,GA,2023,3
8366,BI,2023,3
8266,CV,2023,3
8178,GM,2023,3
7949,NE,2023,3
7880,TM,2023,3
7869,GN,2023,3
7674,CG,2023,3
7496,BS,2023,3
7490,IM,2023,3
7468,LS,2023,3
7447,BZ,2023,3
7062,MQ,2023,3
6769,GP,2023,3
6480,NC,2023,3
5684,JE,2023,3
5469,PF,2023,3
5359,PG,2023,3
5324,KY,2023,3
5219,SZ,2023,3
4978,GY,2023,3
4851,SR,2023,3
4752,CW,2023,3
4605,FJ,2023,3
3787,BM,2023,3
3760,MC,2023,3
3534,GU,2023,3
3420,TD,2023,3
3171,LI,2023,3
3055,GI,2023,3
3010,SS,2023,3
2906,LC,2023,3
2794,FO,2023,3
2604,KN,2023,3
2537,DJ,2023,3
2505,VI,2023,3
2292,AW,2023,3
2263,GG,2023,3
2241,GD,2023,3
2239,AX,2023,3
1992,GF,2023,3
1987,AG,2023,3
1873,MP,2023,3
1749,SM,2023,3
1643,TL,2023,3
1641,ER,2023,3
1326,VC,2023,3
1311,SB,2023,3
1211,GQ,2023,3
1148,DM,2023,3
1009,YT,2023,3
1002,GL,2023,3
865,VG,2023,3
840,SX,2023,3
685,KM,2023,3
683,VU,2023,3
562,GW,2023,3
549,BQ,2023,3
534,MF,2023,3
513,TC,2023,3
500,ST,2023,3
449,WS,2023,3
416,CF,2023,3
307,AI,2023,3
242,PW,2023,3
202,FM,2023,3
200,AS,2023,3
194,VA,2023,3
174,TO,2023,3
149,KI,2023,3
129,CK,2023,3
116,MH,2023,3
111,MS,2023,3
58781091,US,2023,4
39388387,EU,2023,4
36918432,IN,2023,4
18698245,CN,2023,4
11946851,BR,2023,4
9113146,HK,2023,4
8321241,GB,2023,4
7859442,JP,2023,4
7699652,RU,2023,4
7301765,DE,2023,4
7158071,CA,2023,4
6105066,FR,2023,4
5987322,ID,2023,4
5854092,KR,2023,4
4222753,VN,2023,4
4213287,ES,2023,4
4014239,SG,2023,4
3550482,UA,2023,4
3407545,PL,2023,4
3329808,AU,2023,4
3184218,TW,2023,4
3067901,NL,2023,4
3047651,TR,2023,4
3022860,MX,2023,4
2859270,BD,2023,4
2604156,NG,2023,4
2456325,AR,2023,4
2321957,CO,2023,4
2319095,PK,2023,4
2220979,IT,2023,4
1828669,PH,2023,4
1764679,EG,2023,4
1743369,SE,2023,4
1654275,KE,2023,4
1631025,TH,2023,4
1444575,IL,2023,4
1325696,CH,2023,4
1108126,PT,2023,4
1080686,ZA,2023,4
1066417,BE,2023,4
1044097,RO,2023,4
1021424,PE,2023,4
962260,MY,2023,4
954685,IE,2023,4
928630,CL,2023,4
893165,CZ,2023,4
882125,FI,2023,4
871396,DK,2023,4
860173,LK,2023,4
844489,BY,2023,4
836765,IR,2023,4
789320,AT,2023,4
780910,MA,2023,4
779707,NO,2023,4
716120,HU,2023,4
713749,NZ,2023,4
665756,NP,2023,4
665406,AE,2023,4
650118,SA,2023,4
597403,UZ,2023,4
596158,TN,2023,4
589607,BG,2023,4
551589,GR,2023,4
535766,RS,2023,4
528855,KZ,2023,4
465305,EC,2023,4
409060,GH,2023,4
389061,GE,2023,4
344910,LT,2023,4
325505,DZ,2023,4
304615,VE,2023,4
298130,AM,2023,4
294718,AZ,2023,4
292315,EE,2023,4
286219,HR,2023,4
286126,CR,2023,4
280131,GT,2023,4
274967,KG,2023,4
262073,ET,2023,4
253280,SK,2023,4
243863,BO,2023,4
229843,JO,2023,4
228606,DO,2023,4
224555,LV,2023,4
216235,IQ,2023,4
209424,UY,2023,4
206407,MM,2023,4
205905,UG,2023,4
189509,KH,2023,4
174515,SV,2023,4
171946,MD,2023,4
167271,SI,2023,4
164589,PS,2023,4
150338,RW,2023,4
146879,CM,2023,4
139608,CY,2023,4
137167,LB,2023,4
134874,BA,2023,4
116534,HN,2023,4
114806,SN,2023,4
110156,MK,2023,4
105337,TZ,2023,4
98266,LU,2023,4
93574,CI,2023,4
91817,KW,2023,4
90245,YE,2023,4
83370,PY,2023,4
82427,AL,2023,4
77855,MG,2023,4
76807,PA,2023,4
76080,IS,2023,4
74672,NI,2023,4
72904,MN,2023,4
72343,QA,2023,4
72012,ZW,2023,4
70511,PR,2023,4
63491,ME,2023,4
61244,JM,2023,4
55404,MT,2023,4
55380,AO,2023,4
53090,MU,2023,4
52641,OM,2023,4
49874,BJ,2023,4
48695,SY,2023,4
46873,CD,2023,4
46858,ZM,2023,4
44589,BH,2023,4
44385,MO,2023,4
41695,XK,2023,4
41681,SO,2023,4
40349,AF,2023,4
39636,MZ,2023,4
38033,CU,2023,4
36000,SD,2023,4
33471,TG,2023,4
29762,TT,2023,4
29452,LY,2023,4
27611,LA,2023,4
27516,TJ,2023,4
24593,HT,2023,4
23786,MW,2023,4
23052,RE,2023,4
19275,BF,2023,4
18364,BW,2023,4
17064,MV,2023,4
15407,NA,2023,4
15213,ML,2023,4
13995,SC,2023,4
12941,SL,2023,4
12328,BT,2023,4
10907,BN,2023,4
10788,AD,2023,4
10731,LR,2023,4
10467,BB,2023,4
10013,MR,2023,4
9393,TM,2023,4
9359,GA,2023,4
8688,BI,2023,4
8643,GM,2023,4
8580,GN,2023,4
8425,CG,2023,4
8399,CV,2023,4
8358,NE,2023,4
7866,BZ,2023,4
7840,LS,2023,4
7769,IM,2023,4
7537,BS,2023,4
6789,GP,2023,4
6628,MQ,2023,4
6608,NC,2023,4
5885,PG,2023,4
5820,JE,2023,4
5531,GY,2023,4
5431,KY,2023,4
5375,PF,2023,4
5372,SZ,2023,4
4980,SR,2023,4
4824,FJ,2023,4
4654,CW,2023,4
3846,BM,2023,4
3512,GU,2023,4
3485,MC,2023,4
3449,TD,2023,4
3333,SS,2023,4
3120,LI,2023,4
2995,LC,2023,4
2891,FO,2023,4
2889,GI,2023,4
2810,DJ,2023,4
2734,KN,2023,4
2427,AW,2023,4
2316,GD,2023,4
2273,VI,2023,4
2163,GG,2023,4
2160,AX,2023,4
2036,GF,2023,4
1989,MP,2023,4
1975,AG,2023,4
1850,SM,2023,4
1706,ER,2023,4
1691,TL,2023,4
1575,VC,2023,4
1354,GQ,2023,4
1192,SB,2023,4
1088,YT,2023,4
1083,VG,2023,4
955,GL,2023,4
896,DM,2023,4
782,KM,2023,4
694,TC,2023,4
663,SX,2023,4
635,BQ,2023,4
618,VU,2023,4
601,GW,2023,4
522,CF,2023,4
513,ST,2023,4
485,WS,2023,4
405,MF,2023,4
310,AI,2023,4
212,FM,2023,4
206,PW,2023,4
189,VA,2023,4
181,AS,2023,4
173,TO,2023,4
143,KI,2023,4
134,SH,2023,4
